id,timestamp,username,action,status,ip_address,details
598,2025-12-12 17:41:24,acc3,file_upload,success,192.168.1.26,File Upload completed successfully
704,2025-12-12 17:41:25,acc1,file_access,success,192.168.1.17,File Access completed successfully
410,2025-12-12 17:53:22,user2,file_upload,success,192.168.1.42,File Upload completed successfully
480,2025-12-12 17:54:24,acc2,settings_change,success,192.168.1.21,Settings Change completed successfully
994,2025-12-12 17:56:34,user1,settings_change,success,192.168.1.10,Settings Change completed successfully
903,2025-12-12 18:14:32,user1,settings_change,failed,192.168.1.40,Settings Change failed - Invalid credentials
471,2025-12-12 18:22:27,acc2,login,success,192.168.1.1,Login completed successfully
70,2025-12-12 18:27:17,acc1,login,success,192.168.1.7,Login completed successfully
231,2025-12-12 18:38:22,john_doe,logout,success,192.168.1.34,Logout completed successfully
375,2025-12-12 18:39:56,john_doe,file_access,success,192.168.1.11,File Access completed successfully
773,2025-12-12 18:43:51,jane_smith,settings_change,success,192.168.1.16,Settings Change completed successfully
754,2025-12-12 18:46:03,john_doe,file_access,failed,192.168.1.26,File Access failed - Invalid credentials
23,2025-12-12 18:49:50,user2,settings_change,success,192.168.1.46,Settings Change completed successfully
364,2025-12-12 19:00:02,acc2,file_upload,success,192.168.1.44,File Upload completed successfully
196,2025-12-12 19:08:28,acc3,password_change,success,192.168.1.29,Password Change completed successfully
875,2025-12-12 19:38:36,user2,file_upload,success,192.168.1.5,File Upload completed successfully
475,2025-12-12 19:41:04,acc2,file_upload,success,192.168.1.20,File Upload completed successfully
858,2025-12-12 19:42:44,user2,file_upload,success,192.168.1.32,File Upload completed successfully
798,2025-12-12 19:47:08,user2,logout,success,192.168.1.13,Logout completed successfully
933,2025-12-12 19:53:11,user2,settings_change,success,192.168.1.47,Settings Change completed successfully
553,2025-12-12 19:57:09,john_doe,password_change,success,192.168.1.25,Password Change completed successfully
215,2025-12-12 20:05:30,acc1,password_change,success,192.168.1.3,Password Change completed successfully
812,2025-12-12 20:18:38,admin,file_upload,failed,192.168.1.42,File Upload failed - Invalid credentials
123,2025-12-12 20:36:27,jane_smith,file_upload,failed,192.168.1.39,File Upload failed - Invalid credentials
857,2025-12-12 20:36:53,user2,password_change,success,192.168.1.33,Password Change completed successfully
478,2025-12-12 20:37:32,acc2,file_upload,success,192.168.1.49,File Upload completed successfully
356,2025-12-12 21:11:13,user1,login,success,192.168.1.1,Login completed successfully
565,2025-12-12 21:12:37,acc3,settings_change,success,192.168.1.42,Settings Change completed successfully
746,2025-12-12 21:20:28,user1,logout,failed,192.168.1.44,Logout failed - Invalid credentials
920,2025-12-12 21:57:46,jane_smith,file_upload,success,192.168.1.39,File Upload completed successfully
492,2025-12-12 22:11:50,admin,file_access,success,192.168.1.37,File Access completed successfully
31,2025-12-12 22:39:26,acc2,settings_change,success,192.168.1.12,Settings Change completed successfully
462,2025-12-12 23:01:29,acc1,settings_change,success,192.168.1.38,Settings Change completed successfully
730,2025-12-12 23:16:52,acc2,settings_change,success,192.168.1.29,Settings Change completed successfully
695,2025-12-12 23:38:12,acc2,settings_change,success,192.168.1.12,Settings Change completed successfully
176,2025-12-12 23:51:02,admin,file_access,success,192.168.1.42,File Access completed successfully
619,2025-12-13 00:00:36,admin,password_change,success,192.168.1.47,Password Change completed successfully
672,2025-12-13 00:03:25,user1,logout,failed,192.168.1.20,Logout failed - Invalid credentials
379,2025-12-13 00:04:37,acc2,file_upload,success,192.168.1.39,File Upload completed successfully
550,2025-12-13 00:07:27,acc3,file_upload,success,192.168.1.26,File Upload completed successfully
321,2025-12-13 00:17:57,john_doe,logout,success,192.168.1.47,Logout completed successfully
135,2025-12-13 00:21:23,acc3,logout,success,192.168.1.6,Logout completed successfully
197,2025-12-13 00:44:09,user1,file_access,success,192.168.1.33,File Access completed successfully
546,2025-12-13 00:58:20,admin,settings_change,success,192.168.1.47,Settings Change completed successfully
175,2025-12-13 01:04:56,user1,logout,success,192.168.1.30,Logout completed successfully
525,2025-12-13 01:07:30,acc1,password_change,success,192.168.1.7,Password Change completed successfully
392,2025-12-13 01:13:40,acc1,settings_change,success,192.168.1.27,Settings Change completed successfully
316,2025-12-13 01:15:40,acc2,file_access,success,192.168.1.30,File Access completed successfully
745,2025-12-13 01:41:05,acc3,password_change,success,192.168.1.39,Password Change completed successfully
601,2025-12-13 02:29:47,john_doe,file_access,success,192.168.1.35,File Access completed successfully
344,2025-12-13 02:30:25,user2,password_change,success,192.168.1.37,Password Change completed successfully
766,2025-12-13 02:33:14,user2,logout,success,192.168.1.6,Logout completed successfully
930,2025-12-13 02:43:12,user1,logout,success,192.168.1.42,Logout completed successfully
33,2025-12-13 02:46:37,acc3,settings_change,success,192.168.1.2,Settings Change completed successfully
708,2025-12-13 02:48:59,acc1,file_upload,success,192.168.1.49,File Upload completed successfully
953,2025-12-13 02:58:00,user1,file_upload,success,192.168.1.3,File Upload completed successfully
104,2025-12-13 03:08:16,admin,login,success,192.168.1.21,Login completed successfully
252,2025-12-13 03:08:26,jane_smith,logout,success,192.168.1.47,Logout completed successfully
110,2025-12-13 03:27:13,admin,file_upload,success,192.168.1.11,File Upload completed successfully
522,2025-12-13 03:30:18,acc2,logout,success,192.168.1.39,Logout completed successfully
386,2025-12-13 03:32:19,user2,file_access,success,192.168.1.42,File Access completed successfully
947,2025-12-13 03:41:44,acc1,logout,success,192.168.1.34,Logout completed successfully
769,2025-12-13 03:48:59,john_doe,logout,success,192.168.1.14,Logout completed successfully
691,2025-12-13 04:10:00,acc1,file_upload,failed,192.168.1.43,File Upload failed - Invalid credentials
113,2025-12-13 04:32:19,user2,settings_change,success,192.168.1.20,Settings Change completed successfully
302,2025-12-13 04:34:12,acc2,settings_change,success,192.168.1.19,Settings Change completed successfully
2,2025-12-13 04:35:49,jane_smith,file_access,success,192.168.1.25,File Access completed successfully
617,2025-12-13 04:35:50,acc3,file_access,success,192.168.1.45,File Access completed successfully
136,2025-12-13 04:42:37,john_doe,file_upload,failed,192.168.1.49,File Upload failed - Invalid credentials
845,2025-12-13 05:00:36,john_doe,login,success,192.168.1.15,Login completed successfully
983,2025-12-13 05:06:43,acc2,file_access,success,192.168.1.4,File Access completed successfully
209,2025-12-13 05:09:24,acc1,password_change,success,192.168.1.43,Password Change completed successfully
63,2025-12-13 05:13:19,acc2,password_change,success,192.168.1.6,Password Change completed successfully
519,2025-12-13 05:40:04,acc3,logout,success,192.168.1.12,Logout completed successfully
809,2025-12-13 05:52:20,admin,settings_change,failed,192.168.1.46,Settings Change failed - Invalid credentials
596,2025-12-13 05:55:30,acc1,file_access,success,192.168.1.29,File Access completed successfully
437,2025-12-13 05:57:58,user1,file_upload,failed,192.168.1.39,File Upload failed - Invalid credentials
339,2025-12-13 06:21:35,jane_smith,file_upload,success,192.168.1.16,File Upload completed successfully
777,2025-12-13 06:28:59,acc2,settings_change,success,192.168.1.7,Settings Change completed successfully
573,2025-12-13 06:30:23,john_doe,settings_change,success,192.168.1.13,Settings Change completed successfully
221,2025-12-13 07:00:31,john_doe,logout,success,192.168.1.5,Logout completed successfully
200,2025-12-13 07:22:08,user2,file_upload,success,192.168.1.28,File Upload completed successfully
380,2025-12-13 07:25:12,admin,password_change,success,192.168.1.41,Password Change completed successfully
362,2025-12-13 07:29:17,admin,file_upload,success,192.168.1.7,File Upload completed successfully
632,2025-12-13 07:43:34,jane_smith,logout,success,192.168.1.35,Logout completed successfully
161,2025-12-13 07:47:04,acc3,password_change,success,192.168.1.45,Password Change completed successfully
501,2025-12-13 08:22:36,user1,file_access,success,192.168.1.20,File Access completed successfully
295,2025-12-13 08:23:33,admin,logout,success,192.168.1.41,Logout completed successfully
387,2025-12-13 08:26:04,john_doe,file_access,success,192.168.1.45,File Access completed successfully
735,2025-12-13 08:30:30,acc2,settings_change,success,192.168.1.16,Settings Change completed successfully
692,2025-12-13 08:33:07,user1,logout,success,192.168.1.26,Logout completed successfully
954,2025-12-13 09:01:37,acc3,settings_change,failed,192.168.1.28,Settings Change failed - Invalid credentials
179,2025-12-13 09:06:24,acc2,settings_change,success,192.168.1.24,Settings Change completed successfully
989,2025-12-13 09:06:37,acc2,login,success,192.168.1.29,Login completed successfully
535,2025-12-13 09:27:36,acc2,file_access,success,192.168.1.1,File Access completed successfully
532,2025-12-13 09:28:13,user2,logout,success,192.168.1.25,Logout completed successfully
238,2025-12-13 09:29:57,john_doe,file_upload,success,192.168.1.22,File Upload completed successfully
990,2025-12-13 09:38:11,user2,password_change,success,192.168.1.4,Password Change completed successfully
510,2025-12-13 09:40:56,admin,file_upload,success,192.168.1.30,File Upload completed successfully
781,2025-12-13 10:10:14,user2,file_access,success,192.168.1.33,File Access completed successfully
681,2025-12-13 10:22:38,acc2,file_access,failed,192.168.1.23,File Access failed - Invalid credentials
47,2025-12-13 10:24:53,jane_smith,login,success,192.168.1.34,Login completed successfully
331,2025-12-13 10:25:57,user2,file_upload,success,192.168.1.31,File Upload completed successfully
64,2025-12-13 10:38:16,acc2,file_upload,success,192.168.1.48,File Upload completed successfully
819,2025-12-13 11:05:58,acc1,file_upload,success,192.168.1.1,File Upload completed successfully
494,2025-12-13 11:13:42,acc3,login,success,192.168.1.47,Login completed successfully
927,2025-12-13 11:20:11,user1,logout,success,192.168.1.1,Logout completed successfully
206,2025-12-13 11:55:53,user2,logout,success,192.168.1.39,Logout completed successfully
10,2025-12-13 12:04:58,john_doe,logout,success,192.168.1.39,Logout completed successfully
682,2025-12-13 12:33:55,john_doe,file_access,success,192.168.1.40,File Access completed successfully
315,2025-12-13 12:35:01,acc3,settings_change,success,192.168.1.45,Settings Change completed successfully
624,2025-12-13 12:47:57,user1,login,success,192.168.1.27,Login completed successfully
66,2025-12-13 13:07:10,acc1,file_upload,success,192.168.1.21,File Upload completed successfully
521,2025-12-13 13:09:53,john_doe,password_change,success,192.168.1.30,Password Change completed successfully
86,2025-12-13 13:30:33,user2,file_access,success,192.168.1.46,File Access completed successfully
190,2025-12-13 13:32:58,jane_smith,settings_change,success,192.168.1.8,Settings Change completed successfully
578,2025-12-13 13:54:20,acc2,file_access,success,192.168.1.27,File Access completed successfully
250,2025-12-13 14:07:11,acc3,logout,failed,192.168.1.10,Logout failed - Invalid credentials
771,2025-12-13 14:18:02,john_doe,file_access,failed,192.168.1.36,File Access failed - Invalid credentials
343,2025-12-13 15:13:10,user1,login,failed,192.168.1.28,Login failed - Invalid credentials
359,2025-12-13 15:16:24,user1,settings_change,success,192.168.1.39,Settings Change completed successfully
236,2025-12-13 15:18:38,user1,settings_change,success,192.168.1.43,Settings Change completed successfully
678,2025-12-13 15:54:09,admin,password_change,success,192.168.1.22,Password Change completed successfully
428,2025-12-13 16:15:14,jane_smith,file_upload,success,192.168.1.38,File Upload completed successfully
622,2025-12-13 16:15:53,john_doe,file_upload,success,192.168.1.15,File Upload completed successfully
106,2025-12-13 16:26:51,jane_smith,settings_change,success,192.168.1.46,Settings Change completed successfully
481,2025-12-13 16:32:10,acc1,login,success,192.168.1.34,Login completed successfully
782,2025-12-13 16:35:47,user1,login,success,192.168.1.4,Login completed successfully
981,2025-12-13 17:05:31,admin,logout,success,192.168.1.30,Logout completed successfully
232,2025-12-13 17:15:55,user1,login,failed,192.168.1.28,Login failed - Invalid credentials
996,2025-12-13 17:25:17,acc2,file_upload,success,192.168.1.12,File Upload completed successfully
609,2025-12-13 17:29:29,user1,file_upload,success,192.168.1.21,File Upload completed successfully
575,2025-12-13 17:35:34,john_doe,file_upload,success,192.168.1.24,File Upload completed successfully
306,2025-12-13 17:42:53,user2,file_access,success,192.168.1.30,File Access completed successfully
68,2025-12-13 17:48:04,john_doe,login,success,192.168.1.30,Login completed successfully
234,2025-12-13 18:25:11,acc3,file_access,success,192.168.1.48,File Access completed successfully
928,2025-12-13 18:57:11,acc1,settings_change,success,192.168.1.1,Settings Change completed successfully
699,2025-12-13 19:13:28,acc3,logout,success,192.168.1.9,Logout completed successfully
6,2025-12-13 19:22:54,user2,file_access,success,192.168.1.24,File Access completed successfully
94,2025-12-13 19:23:49,acc3,login,success,192.168.1.29,Login completed successfully
290,2025-12-13 19:28:04,user2,login,success,192.168.1.7,Login completed successfully
526,2025-12-13 19:33:09,jane_smith,login,success,192.168.1.14,Login completed successfully
434,2025-12-13 19:42:31,acc1,settings_change,success,192.168.1.27,Settings Change completed successfully
963,2025-12-13 19:49:39,admin,password_change,success,192.168.1.28,Password Change completed successfully
35,2025-12-13 20:00:30,acc3,file_access,success,192.168.1.38,File Access completed successfully
433,2025-12-13 20:32:33,acc3,login,failed,192.168.1.23,Login failed - Invalid credentials
247,2025-12-13 20:47:50,user1,settings_change,success,192.168.1.48,Settings Change completed successfully
898,2025-12-13 20:56:57,user1,file_upload,success,192.168.1.44,File Upload completed successfully
821,2025-12-13 21:00:30,admin,settings_change,success,192.168.1.28,Settings Change completed successfully
641,2025-12-13 21:05:40,acc2,file_upload,success,192.168.1.25,File Upload completed successfully
303,2025-12-13 21:31:12,user2,logout,success,192.168.1.29,Logout completed successfully
589,2025-12-13 21:31:42,user2,settings_change,success,192.168.1.36,Settings Change completed successfully
635,2025-12-13 21:38:32,acc3,password_change,success,192.168.1.19,Password Change completed successfully
417,2025-12-13 22:24:24,acc3,settings_change,success,192.168.1.3,Settings Change completed successfully
675,2025-12-13 22:31:42,acc1,login,success,192.168.1.9,Login completed successfully
592,2025-12-13 22:38:03,jane_smith,password_change,success,192.168.1.46,Password Change completed successfully
347,2025-12-13 22:47:47,john_doe,file_access,success,192.168.1.41,File Access completed successfully
336,2025-12-13 22:57:18,john_doe,file_upload,success,192.168.1.22,File Upload completed successfully
370,2025-12-13 23:48:29,user1,login,success,192.168.1.29,Login completed successfully
892,2025-12-13 23:52:31,jane_smith,login,success,192.168.1.23,Login completed successfully
980,2025-12-14 00:10:05,jane_smith,file_access,success,192.168.1.18,File Access completed successfully
554,2025-12-14 00:21:31,acc1,password_change,success,192.168.1.14,Password Change completed successfully
186,2025-12-14 00:34:03,user1,file_upload,success,192.168.1.33,File Upload completed successfully
269,2025-12-14 00:45:14,admin,login,success,192.168.1.11,Login completed successfully
506,2025-12-14 01:00:06,acc3,file_upload,success,192.168.1.30,File Upload completed successfully
461,2025-12-14 01:04:47,acc2,file_access,success,192.168.1.5,File Access completed successfully
757,2025-12-14 01:08:26,acc1,login,success,192.168.1.24,Login completed successfully
116,2025-12-14 01:21:41,john_doe,settings_change,success,192.168.1.19,Settings Change completed successfully
579,2025-12-14 01:25:48,user2,file_upload,failed,192.168.1.47,File Upload failed - Invalid credentials
820,2025-12-14 01:26:57,admin,password_change,success,192.168.1.48,Password Change completed successfully
415,2025-12-14 01:30:35,user1,settings_change,success,192.168.1.5,Settings Change completed successfully
599,2025-12-14 01:34:08,acc3,settings_change,success,192.168.1.18,Settings Change completed successfully
450,2025-12-14 01:46:06,jane_smith,logout,success,192.168.1.33,Logout completed successfully
93,2025-12-14 01:51:29,john_doe,logout,success,192.168.1.34,Logout completed successfully
53,2025-12-14 01:56:37,acc2,logout,success,192.168.1.12,Logout completed successfully
888,2025-12-14 02:18:58,acc2,file_upload,success,192.168.1.11,File Upload completed successfully
396,2025-12-14 02:47:06,user2,login,success,192.168.1.7,Login completed successfully
528,2025-12-14 02:51:17,acc1,file_access,success,192.168.1.21,File Access completed successfully
62,2025-12-14 03:05:05,user1,settings_change,success,192.168.1.21,Settings Change completed successfully
666,2025-12-14 03:15:52,admin,file_access,success,192.168.1.32,File Access completed successfully
628,2025-12-14 03:18:29,acc3,file_access,success,192.168.1.33,File Access completed successfully
213,2025-12-14 03:21:03,jane_smith,file_access,success,192.168.1.17,File Access completed successfully
690,2025-12-14 03:23:20,user2,password_change,success,192.168.1.1,Password Change completed successfully
557,2025-12-14 03:35:52,acc1,file_upload,success,192.168.1.38,File Upload completed successfully
167,2025-12-14 04:02:28,user2,login,success,192.168.1.32,Login completed successfully
239,2025-12-14 04:03:03,user1,password_change,success,192.168.1.8,Password Change completed successfully
368,2025-12-14 04:07:02,acc2,password_change,success,192.168.1.45,Password Change completed successfully
625,2025-12-14 04:10:04,john_doe,file_access,success,192.168.1.17,File Access completed successfully
908,2025-12-14 04:23:01,john_doe,file_upload,success,192.168.1.20,File Upload completed successfully
842,2025-12-14 04:25:52,john_doe,file_upload,success,192.168.1.7,File Upload completed successfully
345,2025-12-14 04:26:49,jane_smith,settings_change,success,192.168.1.8,Settings Change completed successfully
352,2025-12-14 04:59:06,user1,file_access,success,192.168.1.1,File Access completed successfully
268,2025-12-14 05:07:31,john_doe,logout,success,192.168.1.27,Logout completed successfully
680,2025-12-14 05:12:51,user2,logout,failed,192.168.1.12,Logout failed - Invalid credentials
151,2025-12-14 05:44:43,admin,settings_change,success,192.168.1.38,Settings Change completed successfully
784,2025-12-14 06:01:46,acc3,logout,success,192.168.1.38,Logout completed successfully
453,2025-12-14 06:11:53,admin,settings_change,success,192.168.1.40,Settings Change completed successfully
668,2025-12-14 06:25:39,jane_smith,login,success,192.168.1.37,Login completed successfully
491,2025-12-14 06:30:50,jane_smith,file_access,success,192.168.1.46,File Access completed successfully
34,2025-12-14 06:41:51,admin,login,success,192.168.1.5,Login completed successfully
640,2025-12-14 07:22:07,admin,login,success,192.168.1.4,Login completed successfully
759,2025-12-14 07:24:34,user2,password_change,success,192.168.1.27,Password Change completed successfully
616,2025-12-14 07:31:58,admin,file_access,success,192.168.1.32,File Access completed successfully
849,2025-12-14 07:47:01,admin,logout,success,192.168.1.25,Logout completed successfully
877,2025-12-14 08:05:17,acc1,logout,success,192.168.1.19,Logout completed successfully
210,2025-12-14 08:17:48,acc1,password_change,success,192.168.1.13,Password Change completed successfully
726,2025-12-14 08:21:16,john_doe,file_upload,failed,192.168.1.40,File Upload failed - Invalid credentials
172,2025-12-14 08:38:07,acc1,login,success,192.168.1.45,Login completed successfully
166,2025-12-14 08:38:46,user2,settings_change,success,192.168.1.5,Settings Change completed successfully
326,2025-12-14 08:40:44,acc3,file_upload,success,192.168.1.15,File Upload completed successfully
294,2025-12-14 08:40:53,acc3,password_change,success,192.168.1.25,Password Change completed successfully
372,2025-12-14 08:58:36,acc1,logout,failed,192.168.1.20,Logout failed - Invalid credentials
287,2025-12-14 09:01:27,user2,file_upload,success,192.168.1.46,File Upload completed successfully
177,2025-12-14 09:02:52,admin,file_access,success,192.168.1.6,File Access completed successfully
275,2025-12-14 09:37:38,acc3,file_access,success,192.168.1.17,File Access completed successfully
153,2025-12-14 09:43:13,john_doe,password_change,success,192.168.1.2,Password Change completed successfully
964,2025-12-14 09:51:35,admin,settings_change,success,192.168.1.26,Settings Change completed successfully
768,2025-12-14 09:53:25,admin,password_change,success,192.168.1.49,Password Change completed successfully
17,2025-12-14 10:54:00,admin,password_change,success,192.168.1.18,Password Change completed successfully
440,2025-12-14 11:05:45,acc1,file_upload,success,192.168.1.37,File Upload completed successfully
376,2025-12-14 11:26:15,jane_smith,logout,success,192.168.1.40,Logout completed successfully
425,2025-12-14 11:27:12,john_doe,login,success,192.168.1.25,Login completed successfully
42,2025-12-14 11:44:00,acc2,file_upload,success,192.168.1.3,File Upload completed successfully
503,2025-12-14 11:47:53,acc1,file_access,success,192.168.1.9,File Access completed successfully
979,2025-12-14 11:51:53,user1,login,success,192.168.1.27,Login completed successfully
168,2025-12-14 11:54:09,user1,password_change,success,192.168.1.16,Password Change completed successfully
520,2025-12-14 11:56:15,user1,file_upload,failed,192.168.1.36,File Upload failed - Invalid credentials
566,2025-12-14 12:00:15,jane_smith,password_change,success,192.168.1.26,Password Change completed successfully
595,2025-12-14 12:07:27,acc3,file_upload,success,192.168.1.11,File Upload completed successfully
564,2025-12-14 12:10:20,acc1,logout,failed,192.168.1.25,Logout failed - Invalid credentials
604,2025-12-14 12:16:18,user2,logout,success,192.168.1.49,Logout completed successfully
318,2025-12-14 12:21:55,acc3,logout,success,192.168.1.17,Logout completed successfully
112,2025-12-14 12:32:18,john_doe,settings_change,success,192.168.1.29,Settings Change completed successfully
138,2025-12-14 12:51:27,acc2,login,success,192.168.1.38,Login completed successfully
277,2025-12-14 12:59:35,user1,settings_change,success,192.168.1.28,Settings Change completed successfully
572,2025-12-14 13:13:25,jane_smith,logout,success,192.168.1.10,Logout completed successfully
700,2025-12-14 13:26:15,jane_smith,settings_change,success,192.168.1.47,Settings Change completed successfully
509,2025-12-14 13:27:51,jane_smith,file_upload,success,192.168.1.7,File Upload completed successfully
941,2025-12-14 13:32:48,user2,password_change,success,192.168.1.21,Password Change completed successfully
923,2025-12-14 13:36:18,john_doe,settings_change,success,192.168.1.4,Settings Change completed successfully
289,2025-12-14 13:40:21,acc1,logout,success,192.168.1.14,Logout completed successfully
409,2025-12-14 13:47:06,user1,login,success,192.168.1.31,Login completed successfully
999,2025-12-14 14:01:20,user1,password_change,success,192.168.1.43,Password Change completed successfully
705,2025-12-14 14:22:04,acc1,file_access,success,192.168.1.11,File Access completed successfully
838,2025-12-14 14:32:09,acc3,file_access,success,192.168.1.24,File Access completed successfully
851,2025-12-14 14:41:16,acc1,settings_change,success,192.168.1.27,Settings Change completed successfully
828,2025-12-14 14:48:04,john_doe,password_change,success,192.168.1.8,Password Change completed successfully
688,2025-12-14 14:57:28,acc2,login,failed,192.168.1.26,Login failed - Invalid credentials
516,2025-12-14 15:00:28,acc2,file_upload,success,192.168.1.32,File Upload completed successfully
255,2025-12-14 15:01:46,acc3,file_upload,success,192.168.1.9,File Upload completed successfully
286,2025-12-14 15:13:15,user2,logout,success,192.168.1.20,Logout completed successfully
774,2025-12-14 15:16:50,admin,login,success,192.168.1.46,Login completed successfully
78,2025-12-14 15:20:00,acc1,logout,success,192.168.1.46,Logout completed successfully
92,2025-12-14 15:26:03,jane_smith,login,success,192.168.1.31,Login completed successfully
918,2025-12-14 15:31:21,john_doe,login,success,192.168.1.27,Login completed successfully
716,2025-12-14 16:01:19,acc3,file_upload,success,192.168.1.7,File Upload completed successfully
121,2025-12-14 16:03:28,acc2,password_change,success,192.168.1.32,Password Change completed successfully
863,2025-12-14 16:11:24,acc1,logout,success,192.168.1.25,Logout completed successfully
848,2025-12-14 16:13:04,acc2,file_access,success,192.168.1.18,File Access completed successfully
515,2025-12-14 16:13:36,user2,file_access,success,192.168.1.27,File Access completed successfully
374,2025-12-14 16:15:58,acc1,settings_change,failed,192.168.1.28,Settings Change failed - Invalid credentials
714,2025-12-14 16:48:40,acc2,file_access,success,192.168.1.45,File Access completed successfully
87,2025-12-14 17:03:48,user1,file_upload,success,192.168.1.40,File Upload completed successfully
587,2025-12-14 17:07:44,admin,file_upload,failed,192.168.1.49,File Upload failed - Invalid credentials
143,2025-12-14 17:34:49,user2,file_access,failed,192.168.1.29,File Access failed - Invalid credentials
876,2025-12-14 17:48:18,user1,login,success,192.168.1.15,Login completed successfully
760,2025-12-14 17:53:03,acc1,settings_change,success,192.168.1.45,Settings Change completed successfully
264,2025-12-14 18:02:23,acc3,password_change,success,192.168.1.44,Password Change completed successfully
505,2025-12-14 18:24:21,jane_smith,password_change,success,192.168.1.7,Password Change completed successfully
169,2025-12-14 18:30:25,acc2,file_access,success,192.168.1.15,File Access completed successfully
639,2025-12-14 18:37:39,acc1,settings_change,failed,192.168.1.19,Settings Change failed - Invalid credentials
160,2025-12-14 18:59:59,user2,login,success,192.168.1.18,Login completed successfully
667,2025-12-14 19:11:06,acc3,password_change,success,192.168.1.45,Password Change completed successfully
563,2025-12-14 19:16:12,acc3,login,success,192.168.1.33,Login completed successfully
51,2025-12-14 19:25:03,john_doe,file_access,success,192.168.1.16,File Access completed successfully
548,2025-12-14 19:29:18,admin,settings_change,success,192.168.1.25,Settings Change completed successfully
544,2025-12-14 19:33:22,user2,password_change,success,192.168.1.44,Password Change completed successfully
298,2025-12-14 19:40:04,acc2,login,success,192.168.1.17,Login completed successfully
441,2025-12-14 20:18:45,admin,settings_change,success,192.168.1.17,Settings Change completed successfully
426,2025-12-14 20:26:44,acc1,settings_change,success,192.168.1.27,Settings Change completed successfully
149,2025-12-14 20:28:54,john_doe,settings_change,failed,192.168.1.4,Settings Change failed - Invalid credentials
330,2025-12-14 20:54:41,john_doe,file_upload,success,192.168.1.11,File Upload completed successfully
650,2025-12-14 21:06:22,acc2,file_upload,success,192.168.1.17,File Upload completed successfully
194,2025-12-14 21:24:34,user2,file_upload,success,192.168.1.22,File Upload completed successfully
28,2025-12-14 21:45:16,acc2,settings_change,success,192.168.1.25,Settings Change completed successfully
125,2025-12-14 21:46:01,jane_smith,logout,success,192.168.1.32,Logout completed successfully
610,2025-12-14 21:49:48,user2,settings_change,success,192.168.1.34,Settings Change completed successfully
900,2025-12-14 21:50:11,acc1,login,success,192.168.1.40,Login completed successfully
855,2025-12-14 22:02:46,user1,logout,success,192.168.1.45,Logout completed successfully
883,2025-12-14 22:37:47,john_doe,login,success,192.168.1.14,Login completed successfully
445,2025-12-14 22:43:43,user1,file_access,success,192.168.1.48,File Access completed successfully
791,2025-12-14 22:49:59,acc2,login,success,192.168.1.49,Login completed successfully
648,2025-12-14 22:53:29,admin,logout,failed,192.168.1.21,Logout failed - Invalid credentials
309,2025-12-14 23:02:02,user2,settings_change,success,192.168.1.7,Settings Change completed successfully
185,2025-12-14 23:15:33,admin,logout,success,192.168.1.37,Logout completed successfully
945,2025-12-14 23:17:47,admin,password_change,success,192.168.1.24,Password Change completed successfully
429,2025-12-14 23:24:23,acc3,file_access,success,192.168.1.7,File Access completed successfully
656,2025-12-14 23:35:48,user2,file_upload,success,192.168.1.42,File Upload completed successfully
593,2025-12-14 23:40:54,acc1,logout,success,192.168.1.43,Logout completed successfully
270,2025-12-14 23:45:47,user2,logout,success,192.168.1.42,Logout completed successfully
5,2025-12-14 23:49:38,user1,settings_change,success,192.168.1.34,Settings Change completed successfully
752,2025-12-15 00:06:28,acc3,file_access,success,192.168.1.49,File Access completed successfully
815,2025-12-15 00:28:12,user2,file_access,success,192.168.1.45,File Access completed successfully
801,2025-12-15 00:33:29,acc1,settings_change,success,192.168.1.47,Settings Change completed successfully
485,2025-12-15 00:34:44,john_doe,logout,success,192.168.1.40,Logout completed successfully
205,2025-12-15 00:39:09,john_doe,password_change,success,192.168.1.34,Password Change completed successfully
585,2025-12-15 01:06:56,user1,password_change,success,192.168.1.17,Password Change completed successfully
314,2025-12-15 01:15:41,acc3,file_upload,success,192.168.1.15,File Upload completed successfully
547,2025-12-15 01:36:10,acc1,settings_change,success,192.168.1.15,Settings Change completed successfully
452,2025-12-15 01:39:43,acc2,logout,success,192.168.1.28,Logout completed successfully
914,2025-12-15 01:40:20,jane_smith,file_upload,success,192.168.1.18,File Upload completed successfully
580,2025-12-15 01:52:23,acc1,logout,success,192.168.1.22,Logout completed successfully
654,2025-12-15 02:13:39,acc2,settings_change,success,192.168.1.21,Settings Change completed successfully
155,2025-12-15 02:14:13,john_doe,password_change,success,192.168.1.30,Password Change completed successfully
932,2025-12-15 02:21:41,john_doe,logout,success,192.168.1.46,Logout completed successfully
978,2025-12-15 02:23:18,john_doe,password_change,success,192.168.1.3,Password Change completed successfully
233,2025-12-15 02:25:24,acc3,settings_change,success,192.168.1.41,Settings Change completed successfully
105,2025-12-15 02:26:34,acc1,logout,success,192.168.1.10,Logout completed successfully
139,2025-12-15 02:27:40,user2,file_upload,success,192.168.1.20,File Upload completed successfully
464,2025-12-15 03:07:17,jane_smith,password_change,success,192.168.1.14,Password Change completed successfully
263,2025-12-15 03:14:03,john_doe,login,success,192.168.1.32,Login completed successfully
411,2025-12-15 03:28:55,acc2,file_access,failed,192.168.1.17,File Access failed - Invalid credentials
551,2025-12-15 03:47:59,jane_smith,settings_change,success,192.168.1.4,Settings Change completed successfully
182,2025-12-15 03:48:16,john_doe,logout,success,192.168.1.11,Logout completed successfully
834,2025-12-15 04:09:58,user2,password_change,success,192.168.1.28,Password Change completed successfully
75,2025-12-15 04:38:38,jane_smith,file_access,success,192.168.1.42,File Access completed successfully
830,2025-12-15 04:45:37,acc3,login,success,192.168.1.21,Login completed successfully
470,2025-12-15 04:53:58,acc2,file_upload,success,192.168.1.3,File Upload completed successfully
82,2025-12-15 05:01:25,jane_smith,password_change,success,192.168.1.7,Password Change completed successfully
960,2025-12-15 05:22:02,acc3,settings_change,success,192.168.1.44,Settings Change completed successfully
577,2025-12-15 05:25:45,jane_smith,password_change,success,192.168.1.5,Password Change completed successfully
588,2025-12-15 05:28:49,user2,logout,success,192.168.1.24,Logout completed successfully
670,2025-12-15 05:33:22,acc3,file_access,success,192.168.1.31,File Access completed successfully
770,2025-12-15 05:34:17,user2,settings_change,success,192.168.1.38,Settings Change completed successfully
669,2025-12-15 05:37:28,john_doe,password_change,success,192.168.1.22,Password Change completed successfully
228,2025-12-15 05:38:27,admin,file_upload,failed,192.168.1.44,File Upload failed - Invalid credentials
363,2025-12-15 05:49:20,john_doe,password_change,success,192.168.1.21,Password Change completed successfully
154,2025-12-15 06:10:06,acc3,logout,success,192.168.1.18,Logout completed successfully
365,2025-12-15 06:51:18,admin,file_access,success,192.168.1.15,File Access completed successfully
799,2025-12-15 07:13:12,acc2,file_upload,failed,192.168.1.42,File Upload failed - Invalid credentials
895,2025-12-15 07:23:44,acc1,login,success,192.168.1.29,Login completed successfully
731,2025-12-15 07:30:28,acc2,login,success,192.168.1.5,Login completed successfully
412,2025-12-15 07:30:35,user2,logout,failed,192.168.1.36,Logout failed - Invalid credentials
582,2025-12-15 07:43:58,acc1,file_access,success,192.168.1.21,File Access completed successfully
881,2025-12-15 07:47:06,user1,logout,success,192.168.1.49,Logout completed successfully
193,2025-12-15 07:57:48,user1,settings_change,success,192.168.1.45,Settings Change completed successfully
361,2025-12-15 08:08:06,jane_smith,file_upload,success,192.168.1.22,File Upload completed successfully
910,2025-12-15 08:18:28,user1,password_change,success,192.168.1.29,Password Change completed successfully
56,2025-12-15 08:30:52,acc1,file_access,success,192.168.1.12,File Access completed successfully
823,2025-12-15 08:39:11,admin,file_upload,success,192.168.1.17,File Upload completed successfully
226,2025-12-15 08:51:36,acc2,password_change,success,192.168.1.38,Password Change completed successfully
388,2025-12-15 08:54:24,user1,password_change,success,192.168.1.9,Password Change completed successfully
839,2025-12-15 09:18:38,acc2,password_change,success,192.168.1.16,Password Change completed successfully
334,2025-12-15 09:21:04,acc2,logout,success,192.168.1.19,Logout completed successfully
487,2025-12-15 09:21:31,acc1,file_access,success,192.168.1.23,File Access completed successfully
524,2025-12-15 09:21:49,jane_smith,file_access,success,192.168.1.32,File Access completed successfully
225,2025-12-15 09:25:33,jane_smith,file_upload,success,192.168.1.15,File Upload completed successfully
25,2025-12-15 09:39:49,acc3,file_access,success,192.168.1.34,File Access completed successfully
665,2025-12-15 09:41:46,acc2,file_upload,success,192.168.1.22,File Upload completed successfully
188,2025-12-15 09:53:19,jane_smith,file_upload,success,192.168.1.43,File Upload completed successfully
780,2025-12-15 10:00:00,user2,password_change,success,192.168.1.24,Password Change completed successfully
458,2025-12-15 10:04:54,admin,file_upload,success,192.168.1.34,File Upload completed successfully
36,2025-12-15 10:08:54,user2,logout,success,192.168.1.20,Logout completed successfully
813,2025-12-15 10:16:04,acc1,file_access,success,192.168.1.29,File Access completed successfully
627,2025-12-15 10:19:58,john_doe,file_access,success,192.168.1.23,File Access completed successfully
129,2025-12-15 10:42:57,user1,password_change,success,192.168.1.25,Password Change completed successfully
465,2025-12-15 10:57:52,jane_smith,settings_change,success,192.168.1.17,Settings Change completed successfully
395,2025-12-15 11:04:11,acc3,logout,success,192.168.1.32,Logout completed successfully
571,2025-12-15 11:14:21,user2,file_access,success,192.168.1.41,File Access completed successfully
527,2025-12-15 11:23:50,acc1,password_change,success,192.168.1.5,Password Change completed successfully
970,2025-12-15 11:46:22,user2,logout,success,192.168.1.8,Logout completed successfully
490,2025-12-15 11:48:35,acc3,logout,success,192.168.1.11,Logout completed successfully
20,2025-12-15 11:51:02,acc1,logout,success,192.168.1.48,Logout completed successfully
517,2025-12-15 12:28:42,user1,logout,success,192.168.1.45,Logout completed successfully
163,2025-12-15 12:49:12,acc2,password_change,success,192.168.1.8,Password Change completed successfully
747,2025-12-15 12:55:09,acc3,file_access,success,192.168.1.27,File Access completed successfully
427,2025-12-15 13:10:26,acc1,file_access,success,192.168.1.46,File Access completed successfully
58,2025-12-15 13:20:02,user2,file_access,success,192.168.1.24,File Access completed successfully
144,2025-12-15 13:37:25,acc1,login,success,192.168.1.48,Login completed successfully
272,2025-12-15 13:42:21,user1,password_change,success,192.168.1.41,Password Change completed successfully
703,2025-12-15 13:43:10,jane_smith,password_change,success,192.168.1.4,Password Change completed successfully
377,2025-12-15 13:54:15,user1,file_access,success,192.168.1.40,File Access completed successfully
906,2025-12-15 14:04:43,jane_smith,file_access,failed,192.168.1.19,File Access failed - Invalid credentials
178,2025-12-15 14:10:10,john_doe,file_upload,success,192.168.1.26,File Upload completed successfully
664,2025-12-15 14:19:11,user1,login,success,192.168.1.45,Login completed successfully
513,2025-12-15 14:30:06,user2,logout,failed,192.168.1.6,Logout failed - Invalid credentials
218,2025-12-15 14:35:58,user2,logout,success,192.168.1.22,Logout completed successfully
992,2025-12-15 14:55:17,user2,password_change,success,192.168.1.31,Password Change completed successfully
921,2025-12-15 15:35:50,jane_smith,file_upload,success,192.168.1.44,File Upload completed successfully
282,2025-12-15 15:50:35,user2,logout,success,192.168.1.36,Logout completed successfully
729,2025-12-15 15:54:10,admin,login,success,192.168.1.44,Login completed successfully
181,2025-12-15 16:14:19,acc1,file_access,success,192.168.1.15,File Access completed successfully
985,2025-12-15 16:26:50,acc2,login,success,192.168.1.13,Login completed successfully
569,2025-12-15 16:37:42,user2,file_upload,success,192.168.1.39,File Upload completed successfully
293,2025-12-15 16:45:00,john_doe,logout,success,192.168.1.8,Logout completed successfully
246,2025-12-15 17:09:39,user1,logout,success,192.168.1.32,Logout completed successfully
541,2025-12-15 17:12:02,user2,file_upload,success,192.168.1.40,File Upload completed successfully
435,2025-12-15 17:15:35,admin,settings_change,success,192.168.1.49,Settings Change completed successfully
184,2025-12-15 17:41:29,acc2,login,success,192.168.1.13,Login completed successfully
948,2025-12-15 18:00:22,acc3,file_upload,success,192.168.1.42,File Upload completed successfully
715,2025-12-15 18:02:41,admin,settings_change,failed,192.168.1.30,Settings Change failed - Invalid credentials
611,2025-12-15 18:31:10,acc2,login,success,192.168.1.34,Login completed successfully
925,2025-12-15 18:46:42,user2,file_access,success,192.168.1.2,File Access completed successfully
926,2025-12-15 18:50:25,acc3,logout,success,192.168.1.29,Logout completed successfully
814,2025-12-15 18:55:53,user2,logout,success,192.168.1.2,Logout completed successfully
44,2025-12-15 19:04:09,user1,file_upload,success,192.168.1.5,File Upload completed successfully
367,2025-12-15 19:10:50,acc1,file_access,success,192.168.1.29,File Access completed successfully
694,2025-12-15 19:34:28,john_doe,logout,success,192.168.1.49,Logout completed successfully
348,2025-12-15 19:34:52,admin,file_access,success,192.168.1.40,File Access completed successfully
789,2025-12-15 19:46:05,acc1,file_upload,failed,192.168.1.41,File Upload failed - Invalid credentials
662,2025-12-15 20:18:49,user2,file_upload,success,192.168.1.27,File Upload completed successfully
826,2025-12-15 20:26:18,jane_smith,password_change,success,192.168.1.35,Password Change completed successfully
638,2025-12-15 20:36:20,john_doe,settings_change,success,192.168.1.4,Settings Change completed successfully
725,2025-12-15 20:44:38,john_doe,file_upload,success,192.168.1.17,File Upload completed successfully
243,2025-12-15 20:55:13,acc1,file_upload,success,192.168.1.29,File Upload completed successfully
394,2025-12-15 20:57:04,jane_smith,password_change,success,192.168.1.1,Password Change completed successfully
355,2025-12-15 21:30:17,acc1,login,success,192.168.1.30,Login completed successfully
748,2025-12-15 21:33:08,user2,login,success,192.168.1.43,Login completed successfully
40,2025-12-15 21:45:14,acc2,password_change,success,192.168.1.39,Password Change completed successfully
991,2025-12-15 21:54:55,admin,file_access,success,192.168.1.28,File Access completed successfully
655,2025-12-15 22:01:44,user2,file_access,success,192.168.1.22,File Access completed successfully
248,2025-12-15 22:14:37,admin,settings_change,success,192.168.1.33,Settings Change completed successfully
398,2025-12-15 22:45:26,acc3,login,success,192.168.1.30,Login completed successfully
880,2025-12-15 23:00:30,admin,file_upload,success,192.168.1.29,File Upload completed successfully
128,2025-12-15 23:05:30,acc2,password_change,success,192.168.1.10,Password Change completed successfully
96,2025-12-15 23:14:53,user2,file_upload,success,192.168.1.18,File Upload completed successfully
646,2025-12-15 23:20:29,user2,password_change,success,192.168.1.29,Password Change completed successfully
615,2025-12-15 23:31:06,acc1,login,success,192.168.1.42,Login completed successfully
626,2025-12-15 23:37:43,jane_smith,file_access,success,192.168.1.41,File Access completed successfully
260,2025-12-16 00:20:59,john_doe,logout,success,192.168.1.19,Logout completed successfully
403,2025-12-16 00:24:11,acc2,login,success,192.168.1.1,Login completed successfully
790,2025-12-16 00:24:14,acc1,logout,success,192.168.1.27,Logout completed successfully
657,2025-12-16 00:25:20,jane_smith,file_access,failed,192.168.1.27,File Access failed - Invalid credentials
26,2025-12-16 00:27:34,acc3,login,failed,192.168.1.39,Login failed - Invalid credentials
558,2025-12-16 00:27:35,john_doe,logout,success,192.168.1.17,Logout completed successfully
552,2025-12-16 00:31:47,admin,login,success,192.168.1.18,Login completed successfully
586,2025-12-16 00:52:05,acc2,settings_change,success,192.168.1.49,Settings Change completed successfully
504,2025-12-16 01:11:56,user1,settings_change,success,192.168.1.22,Settings Change completed successfully
469,2025-12-16 01:24:37,admin,settings_change,success,192.168.1.42,Settings Change completed successfully
542,2025-12-16 01:52:57,acc3,settings_change,success,192.168.1.18,Settings Change completed successfully
467,2025-12-16 02:01:37,acc3,file_access,failed,192.168.1.19,File Access failed - Invalid credentials
724,2025-12-16 02:39:04,user1,file_upload,success,192.168.1.24,File Upload completed successfully
806,2025-12-16 03:17:00,acc3,logout,success,192.168.1.23,Logout completed successfully
157,2025-12-16 03:20:08,admin,login,success,192.168.1.39,Login completed successfully
984,2025-12-16 03:37:57,user1,settings_change,success,192.168.1.39,Settings Change completed successfully
198,2025-12-16 03:38:13,admin,login,success,192.168.1.48,Login completed successfully
7,2025-12-16 03:41:44,jane_smith,file_upload,failed,192.168.1.41,File Upload failed - Invalid credentials
658,2025-12-16 03:58:53,user1,settings_change,failed,192.168.1.29,Settings Change failed - Invalid credentials
986,2025-12-16 04:08:26,user2,file_upload,success,192.168.1.17,File Upload completed successfully
280,2025-12-16 04:09:45,john_doe,settings_change,success,192.168.1.48,Settings Change completed successfully
537,2025-12-16 04:16:45,admin,password_change,success,192.168.1.2,Password Change completed successfully
133,2025-12-16 04:17:34,jane_smith,login,success,192.168.1.20,Login completed successfully
531,2025-12-16 05:01:17,acc1,file_access,success,192.168.1.16,File Access completed successfully
366,2025-12-16 05:17:09,john_doe,file_upload,success,192.168.1.1,File Upload completed successfully
249,2025-12-16 05:17:13,acc1,logout,failed,192.168.1.39,Logout failed - Invalid credentials
120,2025-12-16 05:18:07,john_doe,settings_change,success,192.168.1.11,Settings Change completed successfully
27,2025-12-16 05:25:59,acc2,logout,success,192.168.1.27,Logout completed successfully
477,2025-12-16 05:34:36,user2,settings_change,success,192.168.1.3,Settings Change completed successfully
822,2025-12-16 05:39:33,acc2,logout,success,192.168.1.36,Logout completed successfully
965,2025-12-16 05:41:54,admin,file_upload,success,192.168.1.31,File Upload completed successfully
949,2025-12-16 05:43:44,acc3,password_change,success,192.168.1.37,Password Change completed successfully
101,2025-12-16 05:53:12,user2,login,success,192.168.1.44,Login completed successfully
162,2025-12-16 06:02:06,user1,settings_change,success,192.168.1.43,Settings Change completed successfully
829,2025-12-16 06:03:04,user1,password_change,success,192.168.1.33,Password Change completed successfully
972,2025-12-16 06:06:17,user1,password_change,success,192.168.1.9,Password Change completed successfully
463,2025-12-16 06:18:15,acc1,password_change,success,192.168.1.42,Password Change completed successfully
727,2025-12-16 06:20:16,acc3,login,success,192.168.1.4,Login completed successfully
207,2025-12-16 06:30:32,acc2,password_change,success,192.168.1.30,Password Change completed successfully
107,2025-12-16 06:37:51,user2,login,success,192.168.1.1,Login completed successfully
329,2025-12-16 06:38:58,acc2,file_access,success,192.168.1.32,File Access completed successfully
697,2025-12-16 07:08:01,john_doe,file_upload,success,192.168.1.13,File Upload completed successfully
204,2025-12-16 08:15:44,acc1,file_upload,success,192.168.1.8,File Upload completed successfully
216,2025-12-16 08:30:16,admin,password_change,success,192.168.1.48,Password Change completed successfully
292,2025-12-16 08:36:19,admin,file_access,success,192.168.1.46,File Access completed successfully
140,2025-12-16 08:37:39,user2,settings_change,failed,192.168.1.31,Settings Change failed - Invalid credentials
19,2025-12-16 08:50:17,user2,file_access,success,192.168.1.21,File Access completed successfully
825,2025-12-16 08:53:29,admin,settings_change,success,192.168.1.15,Settings Change completed successfully
319,2025-12-16 08:56:34,acc3,file_upload,success,192.168.1.30,File Upload completed successfully
142,2025-12-16 09:14:25,acc2,password_change,success,192.168.1.33,Password Change completed successfully
946,2025-12-16 09:25:09,admin,file_upload,failed,192.168.1.30,File Upload failed - Invalid credentials
211,2025-12-16 09:32:41,acc2,password_change,success,192.168.1.14,Password Change completed successfully
393,2025-12-16 09:44:25,admin,logout,success,192.168.1.28,Logout completed successfully
171,2025-12-16 09:52:38,john_doe,settings_change,success,192.168.1.1,Settings Change completed successfully
324,2025-12-16 10:02:47,acc1,settings_change,success,192.168.1.11,Settings Change completed successfully
414,2025-12-16 10:05:19,jane_smith,password_change,success,192.168.1.16,Password Change completed successfully
127,2025-12-16 10:18:59,acc2,password_change,success,192.168.1.37,Password Change completed successfully
383,2025-12-16 10:27:03,acc3,logout,success,192.168.1.34,Logout completed successfully
271,2025-12-16 10:34:45,john_doe,logout,success,192.168.1.22,Logout completed successfully
817,2025-12-16 10:34:47,acc1,password_change,failed,192.168.1.46,Password Change failed - Invalid credentials
961,2025-12-16 10:52:20,user2,settings_change,failed,192.168.1.34,Settings Change failed - Invalid credentials
404,2025-12-16 11:10:17,user2,file_access,success,192.168.1.25,File Access completed successfully
786,2025-12-16 11:29:55,user1,login,success,192.168.1.14,Login completed successfully
568,2025-12-16 11:36:07,jane_smith,file_access,success,192.168.1.28,File Access completed successfully
439,2025-12-16 11:36:37,acc2,login,success,192.168.1.31,Login completed successfully
951,2025-12-16 11:38:55,admin,file_upload,success,192.168.1.26,File Upload completed successfully
486,2025-12-16 11:42:19,user2,file_upload,success,192.168.1.36,File Upload completed successfully
422,2025-12-16 11:53:18,acc1,password_change,success,192.168.1.26,Password Change completed successfully
39,2025-12-16 12:16:15,acc2,login,success,192.168.1.38,Login completed successfully
743,2025-12-16 12:28:26,acc2,file_upload,success,192.168.1.32,File Upload completed successfully
507,2025-12-16 12:34:33,acc3,file_access,success,192.168.1.22,File Access completed successfully
431,2025-12-16 12:40:05,jane_smith,login,success,192.168.1.43,Login completed successfully
455,2025-12-16 12:43:47,admin,settings_change,success,192.168.1.36,Settings Change completed successfully
783,2025-12-16 12:48:36,acc1,logout,success,192.168.1.7,Logout completed successfully
291,2025-12-16 12:52:46,acc3,logout,success,192.168.1.38,Logout completed successfully
902,2025-12-16 12:57:17,acc3,settings_change,success,192.168.1.41,Settings Change completed successfully
38,2025-12-16 13:03:41,admin,file_access,success,192.168.1.20,File Access completed successfully
9,2025-12-16 13:52:12,user1,password_change,success,192.168.1.35,Password Change completed successfully
61,2025-12-16 13:54:56,john_doe,login,success,192.168.1.21,Login completed successfully
797,2025-12-16 13:57:36,user2,settings_change,success,192.168.1.49,Settings Change completed successfully
84,2025-12-16 14:00:30,john_doe,settings_change,success,192.168.1.23,Settings Change completed successfully
508,2025-12-16 14:12:03,acc1,logout,failed,192.168.1.6,Logout failed - Invalid credentials
938,2025-12-16 14:31:53,john_doe,file_access,success,192.168.1.22,File Access completed successfully
405,2025-12-16 14:45:22,acc3,login,success,192.168.1.15,Login completed successfully
733,2025-12-16 14:47:16,jane_smith,file_upload,failed,192.168.1.23,File Upload failed - Invalid credentials
643,2025-12-16 15:27:05,user1,settings_change,success,192.168.1.9,Settings Change completed successfully
861,2025-12-16 16:06:40,acc3,settings_change,success,192.168.1.16,Settings Change completed successfully
911,2025-12-16 16:49:23,user1,settings_change,success,192.168.1.42,Settings Change completed successfully
285,2025-12-16 17:02:57,acc2,file_access,success,192.168.1.20,File Access completed successfully
258,2025-12-16 17:09:01,jane_smith,password_change,success,192.168.1.15,Password Change completed successfully
349,2025-12-16 17:10:28,acc3,login,success,192.168.1.15,Login completed successfully
124,2025-12-16 17:21:23,user1,file_upload,success,192.168.1.32,File Upload completed successfully
659,2025-12-16 17:42:19,admin,file_access,success,192.168.1.7,File Access completed successfully
529,2025-12-16 17:44:14,user1,file_access,success,192.168.1.36,File Access completed successfully
402,2025-12-16 18:02:04,acc2,login,success,192.168.1.36,Login completed successfully
91,2025-12-16 18:02:05,admin,settings_change,success,192.168.1.39,Settings Change completed successfully
407,2025-12-16 18:05:17,jane_smith,login,success,192.168.1.7,Login completed successfully
203,2025-12-16 18:10:23,acc3,password_change,success,192.168.1.41,Password Change completed successfully
555,2025-12-16 18:26:59,john_doe,password_change,success,192.168.1.33,Password Change completed successfully
237,2025-12-16 18:27:03,acc3,logout,success,192.168.1.30,Logout completed successfully
934,2025-12-16 18:43:05,acc2,settings_change,success,192.168.1.18,Settings Change completed successfully
684,2025-12-16 18:48:06,admin,login,success,192.168.1.16,Login completed successfully
333,2025-12-16 19:00:51,admin,file_access,success,192.168.1.9,File Access completed successfully
706,2025-12-16 19:01:21,user2,logout,failed,192.168.1.47,Logout failed - Invalid credentials
850,2025-12-16 19:27:28,john_doe,file_access,success,192.168.1.5,File Access completed successfully
76,2025-12-16 19:33:43,john_doe,file_upload,success,192.168.1.24,File Upload completed successfully
744,2025-12-16 20:28:57,jane_smith,file_upload,success,192.168.1.15,File Upload completed successfully
148,2025-12-16 20:34:58,jane_smith,login,success,192.168.1.13,Login completed successfully
966,2025-12-16 20:48:58,user1,file_access,success,192.168.1.29,File Access completed successfully
97,2025-12-16 21:04:28,user1,login,failed,192.168.1.10,Login failed - Invalid credentials
935,2025-12-16 21:11:03,acc1,password_change,success,192.168.1.11,Password Change completed successfully
612,2025-12-16 21:22:16,user2,settings_change,success,192.168.1.22,Settings Change completed successfully
102,2025-12-16 21:30:57,user1,logout,success,192.168.1.14,Logout completed successfully
466,2025-12-16 22:03:08,acc1,password_change,success,192.168.1.9,Password Change completed successfully
399,2025-12-16 22:19:38,admin,logout,success,192.168.1.46,Logout completed successfully
118,2025-12-16 22:21:34,user1,file_upload,failed,192.168.1.3,File Upload failed - Invalid credentials
559,2025-12-16 22:39:52,admin,login,success,192.168.1.30,Login completed successfully
46,2025-12-16 22:54:04,user1,settings_change,success,192.168.1.5,Settings Change completed successfully
802,2025-12-16 22:59:26,user2,settings_change,success,192.168.1.45,Settings Change completed successfully
328,2025-12-16 23:00:07,user2,login,failed,192.168.1.11,Login failed - Invalid credentials
354,2025-12-16 23:22:38,admin,password_change,success,192.168.1.1,Password Change completed successfully
511,2025-12-16 23:26:30,admin,password_change,failed,192.168.1.45,Password Change failed - Invalid credentials
840,2025-12-17 00:24:26,acc1,login,success,192.168.1.5,Login completed successfully
686,2025-12-17 00:38:52,jane_smith,login,success,192.168.1.39,Login completed successfully
673,2025-12-17 00:43:13,acc1,file_access,success,192.168.1.14,File Access completed successfully
241,2025-12-17 00:51:19,jane_smith,logout,success,192.168.1.29,Logout completed successfully
245,2025-12-17 00:57:10,admin,logout,success,192.168.1.29,Logout completed successfully
420,2025-12-17 01:05:02,user1,settings_change,failed,192.168.1.25,Settings Change failed - Invalid credentials
15,2025-12-17 01:05:08,acc3,settings_change,success,192.168.1.7,Settings Change completed successfully
438,2025-12-17 01:16:51,acc3,settings_change,success,192.168.1.22,Settings Change completed successfully
651,2025-12-17 01:18:53,jane_smith,login,success,192.168.1.21,Login completed successfully
835,2025-12-17 01:22:59,user2,logout,success,192.168.1.27,Logout completed successfully
803,2025-12-17 01:53:01,admin,settings_change,success,192.168.1.14,Settings Change completed successfully
913,2025-12-17 01:53:16,acc2,logout,success,192.168.1.24,Logout completed successfully
971,2025-12-17 02:01:25,acc3,logout,success,192.168.1.23,Logout completed successfully
905,2025-12-17 02:02:01,acc3,file_access,success,192.168.1.47,File Access completed successfully
408,2025-12-17 02:04:28,john_doe,file_access,success,192.168.1.37,File Access completed successfully
614,2025-12-17 02:53:59,acc2,file_upload,success,192.168.1.21,File Upload completed successfully
137,2025-12-17 03:08:13,user2,file_upload,success,192.168.1.2,File Upload completed successfully
199,2025-12-17 03:51:15,acc2,login,success,192.168.1.20,Login completed successfully
737,2025-12-17 03:52:25,acc3,settings_change,success,192.168.1.15,Settings Change completed successfully
603,2025-12-17 03:53:53,john_doe,settings_change,failed,192.168.1.47,Settings Change failed - Invalid credentials
72,2025-12-17 04:02:14,user2,settings_change,success,192.168.1.31,Settings Change completed successfully
95,2025-12-17 04:06:41,john_doe,password_change,success,192.168.1.23,Password Change completed successfully
852,2025-12-17 04:33:10,jane_smith,logout,success,192.168.1.39,Logout completed successfully
459,2025-12-17 04:35:58,user2,login,success,192.168.1.33,Login completed successfully
693,2025-12-17 04:38:37,user1,file_access,success,192.168.1.4,File Access completed successfully
283,2025-12-17 04:52:13,admin,password_change,success,192.168.1.40,Password Change completed successfully
698,2025-12-17 04:57:15,acc1,login,success,192.168.1.7,Login completed successfully
634,2025-12-17 05:16:35,jane_smith,file_upload,success,192.168.1.47,File Upload completed successfully
83,2025-12-17 05:18:31,user2,settings_change,success,192.168.1.8,Settings Change completed successfully
307,2025-12-17 05:21:26,jane_smith,file_upload,success,192.168.1.16,File Upload completed successfully
173,2025-12-17 05:36:51,acc3,login,failed,192.168.1.24,Login failed - Invalid credentials
497,2025-12-17 05:54:37,acc3,file_access,success,192.168.1.25,File Access completed successfully
871,2025-12-17 06:02:17,user2,login,success,192.168.1.22,Login completed successfully
543,2025-12-17 06:13:15,acc2,file_upload,success,192.168.1.45,File Upload completed successfully
130,2025-12-17 06:38:01,user2,login,success,192.168.1.42,Login completed successfully
85,2025-12-17 06:42:12,user1,file_upload,success,192.168.1.29,File Upload completed successfully
874,2025-12-17 06:45:18,admin,login,success,192.168.1.18,Login completed successfully
65,2025-12-17 06:46:04,user1,login,success,192.168.1.24,Login completed successfully
653,2025-12-17 06:50:29,acc2,file_access,failed,192.168.1.19,File Access failed - Invalid credentials
57,2025-12-17 06:58:06,user2,settings_change,success,192.168.1.38,Settings Change completed successfully
633,2025-12-17 07:07:06,acc3,login,success,192.168.1.43,Login completed successfully
423,2025-12-17 07:31:23,admin,login,success,192.168.1.4,Login completed successfully
79,2025-12-17 08:01:54,acc1,file_access,success,192.168.1.4,File Access completed successfully
16,2025-12-17 08:32:42,user1,file_upload,success,192.168.1.44,File Upload completed successfully
605,2025-12-17 08:39:28,admin,login,success,192.168.1.46,Login completed successfully
304,2025-12-17 08:42:30,acc2,file_access,failed,192.168.1.49,File Access failed - Invalid credentials
317,2025-12-17 08:54:46,acc2,password_change,success,192.168.1.45,Password Change completed successfully
618,2025-12-17 08:59:09,acc3,file_access,success,192.168.1.28,File Access completed successfully
762,2025-12-17 09:10:30,acc2,file_access,success,192.168.1.39,File Access completed successfully
192,2025-12-17 09:20:57,acc1,file_upload,success,192.168.1.34,File Upload completed successfully
159,2025-12-17 09:22:40,admin,settings_change,success,192.168.1.35,Settings Change completed successfully
722,2025-12-17 09:27:12,user1,password_change,success,192.168.1.5,Password Change completed successfully
22,2025-12-17 09:28:41,user2,file_upload,success,192.168.1.8,File Upload completed successfully
21,2025-12-17 09:43:04,acc3,file_access,success,192.168.1.8,File Access completed successfully
24,2025-12-17 09:57:34,jane_smith,logout,success,192.168.1.21,Logout completed successfully
734,2025-12-17 10:29:43,acc2,login,success,192.168.1.35,Login completed successfully
132,2025-12-17 10:38:09,jane_smith,file_upload,success,192.168.1.35,File Upload completed successfully
853,2025-12-17 10:46:12,john_doe,login,success,192.168.1.29,Login completed successfully
897,2025-12-17 11:05:30,john_doe,file_upload,success,192.168.1.49,File Upload completed successfully
962,2025-12-17 11:08:53,john_doe,logout,failed,192.168.1.48,Logout failed - Invalid credentials
712,2025-12-17 11:09:25,user2,file_upload,success,192.168.1.47,File Upload completed successfully
751,2025-12-17 11:11:36,admin,settings_change,success,192.168.1.25,Settings Change completed successfully
419,2025-12-17 11:11:40,acc3,logout,success,192.168.1.27,Logout completed successfully
637,2025-12-17 11:13:38,acc2,file_access,success,192.168.1.29,File Access completed successfully
41,2025-12-17 11:20:37,john_doe,password_change,success,192.168.1.2,Password Change completed successfully
674,2025-12-17 11:27:39,jane_smith,file_access,success,192.168.1.43,File Access completed successfully
413,2025-12-17 11:35:31,jane_smith,password_change,success,192.168.1.8,Password Change completed successfully
860,2025-12-17 11:44:42,acc3,password_change,success,192.168.1.22,Password Change completed successfully
474,2025-12-17 12:13:09,user1,password_change,success,192.168.1.39,Password Change completed successfully
8,2025-12-17 12:33:00,jane_smith,logout,failed,192.168.1.4,Logout failed - Invalid credentials
1,2025-12-17 13:18:13,acc1,login,success,192.168.1.32,Login completed successfully
325,2025-12-17 13:35:53,user2,file_upload,success,192.168.1.12,File Upload completed successfully
756,2025-12-17 13:47:34,acc1,settings_change,success,192.168.1.38,Settings Change completed successfully
432,2025-12-17 13:55:22,user1,file_access,success,192.168.1.15,File Access completed successfully
689,2025-12-17 14:05:26,user2,file_access,success,192.168.1.36,File Access completed successfully
342,2025-12-17 14:06:37,acc3,settings_change,success,192.168.1.3,Settings Change completed successfully
995,2025-12-17 14:11:59,acc2,password_change,success,192.168.1.23,Password Change completed successfully
244,2025-12-17 14:12:34,acc1,file_access,success,192.168.1.12,File Access completed successfully
740,2025-12-17 14:14:49,user2,login,success,192.168.1.15,Login completed successfully
259,2025-12-17 14:24:10,acc3,file_access,success,192.168.1.17,File Access completed successfully
702,2025-12-17 14:33:56,user1,file_upload,success,192.168.1.38,File Upload completed successfully
720,2025-12-17 14:50:00,john_doe,logout,success,192.168.1.49,Logout completed successfully
629,2025-12-17 15:19:15,john_doe,file_upload,success,192.168.1.11,File Upload completed successfully
636,2025-12-17 15:30:22,acc2,file_access,success,192.168.1.20,File Access completed successfully
446,2025-12-17 15:34:28,acc3,file_upload,success,192.168.1.1,File Upload completed successfully
602,2025-12-17 15:56:20,acc2,file_access,success,192.168.1.9,File Access completed successfully
721,2025-12-17 16:22:34,acc2,login,success,192.168.1.24,Login completed successfully
837,2025-12-17 16:24:04,acc1,login,success,192.168.1.3,Login completed successfully
119,2025-12-17 16:35:03,acc3,logout,success,192.168.1.32,Logout completed successfully
489,2025-12-17 16:48:01,john_doe,password_change,success,192.168.1.5,Password Change completed successfully
701,2025-12-17 16:51:36,acc3,file_upload,success,192.168.1.27,File Upload completed successfully
373,2025-12-17 17:01:21,user1,password_change,success,192.168.1.46,Password Change completed successfully
378,2025-12-17 17:18:18,user1,settings_change,failed,192.168.1.45,Settings Change failed - Invalid credentials
922,2025-12-17 17:30:16,user1,login,success,192.168.1.10,Login completed successfully
500,2025-12-17 17:33:50,acc3,file_upload,success,192.168.1.12,File Upload completed successfully
884,2025-12-17 18:34:07,user1,file_access,success,192.168.1.37,File Access completed successfully
560,2025-12-17 18:54:20,acc3,file_upload,success,192.168.1.17,File Upload completed successfully
728,2025-12-17 19:22:51,user2,logout,success,192.168.1.7,Logout completed successfully
103,2025-12-17 19:23:31,acc1,login,success,192.168.1.18,Login completed successfully
495,2025-12-17 19:28:25,acc1,file_access,success,192.168.1.21,File Access completed successfully
973,2025-12-17 19:40:38,acc3,settings_change,success,192.168.1.31,Settings Change completed successfully
212,2025-12-17 19:42:52,user1,login,success,192.168.1.9,Login completed successfully
279,2025-12-17 19:56:05,admin,file_access,success,192.168.1.25,File Access completed successfully
59,2025-12-17 20:45:57,admin,file_access,success,192.168.1.13,File Access completed successfully
391,2025-12-17 20:46:43,acc1,file_upload,success,192.168.1.6,File Upload completed successfully
202,2025-12-17 20:49:22,acc3,file_upload,success,192.168.1.31,File Upload completed successfully
308,2025-12-17 21:04:18,jane_smith,file_access,success,192.168.1.32,File Access completed successfully
229,2025-12-17 21:17:40,acc3,settings_change,success,192.168.1.45,Settings Change completed successfully
758,2025-12-17 21:43:13,acc3,file_upload,success,192.168.1.46,File Upload completed successfully
804,2025-12-17 22:02:09,acc3,login,success,192.168.1.46,Login completed successfully
597,2025-12-17 22:06:34,jane_smith,logout,success,192.168.1.11,Logout completed successfully
337,2025-12-17 22:11:30,admin,settings_change,success,192.168.1.14,Settings Change completed successfully
357,2025-12-17 22:14:51,jane_smith,password_change,success,192.168.1.12,Password Change completed successfully
676,2025-12-17 22:16:29,jane_smith,password_change,success,192.168.1.11,Password Change completed successfully
397,2025-12-17 22:26:02,john_doe,login,success,192.168.1.5,Login completed successfully
866,2025-12-17 22:34:52,admin,file_access,success,192.168.1.10,File Access completed successfully
711,2025-12-17 22:34:58,user1,password_change,failed,192.168.1.18,Password Change failed - Invalid credentials
37,2025-12-17 22:39:28,user2,settings_change,failed,192.168.1.43,Settings Change failed - Invalid credentials
77,2025-12-17 22:48:02,acc3,login,success,192.168.1.32,Login completed successfully
893,2025-12-17 23:16:46,acc2,file_upload,success,192.168.1.40,File Upload completed successfully
623,2025-12-17 23:24:47,user1,password_change,success,192.168.1.33,Password Change completed successfully
14,2025-12-17 23:30:39,acc3,login,success,192.168.1.34,Login completed successfully
942,2025-12-18 00:06:42,acc1,settings_change,success,192.168.1.49,Settings Change completed successfully
663,2025-12-18 00:16:25,acc2,logout,success,192.168.1.24,Logout completed successfully
742,2025-12-18 00:17:34,acc2,file_access,success,192.168.1.6,File Access completed successfully
570,2025-12-18 00:31:01,acc3,logout,success,192.168.1.41,Logout completed successfully
476,2025-12-18 00:36:53,acc3,file_upload,failed,192.168.1.33,File Upload failed - Invalid credentials
574,2025-12-18 00:39:23,acc2,login,success,192.168.1.20,Login completed successfully
327,2025-12-18 00:46:18,user1,logout,success,192.168.1.12,Logout completed successfully
606,2025-12-18 00:48:02,john_doe,login,success,192.168.1.27,Login completed successfully
443,2025-12-18 01:32:38,user1,login,success,192.168.1.39,Login completed successfully
956,2025-12-18 01:45:10,jane_smith,settings_change,success,192.168.1.35,Settings Change completed successfully
332,2025-12-18 02:09:43,admin,file_access,success,192.168.1.1,File Access completed successfully
320,2025-12-18 02:10:48,jane_smith,password_change,success,192.168.1.47,Password Change completed successfully
792,2025-12-18 02:22:29,admin,settings_change,success,192.168.1.36,Settings Change completed successfully
539,2025-12-18 02:51:07,jane_smith,password_change,success,192.168.1.27,Password Change completed successfully
276,2025-12-18 02:55:42,user2,file_access,success,192.168.1.31,File Access completed successfully
131,2025-12-18 03:02:53,acc2,settings_change,success,192.168.1.20,Settings Change completed successfully
977,2025-12-18 03:23:05,john_doe,file_upload,failed,192.168.1.9,File Upload failed - Invalid credentials
50,2025-12-18 03:39:48,user2,logout,success,192.168.1.1,Logout completed successfully
885,2025-12-18 03:53:57,acc2,login,failed,192.168.1.19,Login failed - Invalid credentials
305,2025-12-18 04:01:07,acc3,password_change,success,192.168.1.2,Password Change completed successfully
591,2025-12-18 04:30:19,user1,password_change,success,192.168.1.28,Password Change completed successfully
993,2025-12-18 04:34:43,user1,login,success,192.168.1.27,Login completed successfully
322,2025-12-18 04:35:15,jane_smith,file_upload,success,192.168.1.45,File Upload completed successfully
158,2025-12-18 04:45:56,jane_smith,login,success,192.168.1.35,Login completed successfully
878,2025-12-18 04:47:12,admin,file_access,success,192.168.1.21,File Access completed successfully
957,2025-12-18 04:51:16,acc3,password_change,success,192.168.1.17,Password Change completed successfully
879,2025-12-18 04:59:51,user2,settings_change,success,192.168.1.19,Settings Change completed successfully
257,2025-12-18 05:01:19,jane_smith,password_change,failed,192.168.1.43,Password Change failed - Invalid credentials
613,2025-12-18 05:02:48,acc3,login,success,192.168.1.4,Login completed successfully
456,2025-12-18 05:07:18,admin,file_access,success,192.168.1.39,File Access completed successfully
594,2025-12-18 05:10:24,user2,logout,success,192.168.1.41,Logout completed successfully
224,2025-12-18 05:14:40,admin,file_access,success,192.168.1.5,File Access completed successfully
581,2025-12-18 05:20:33,acc2,settings_change,success,192.168.1.14,Settings Change completed successfully
381,2025-12-18 05:31:02,acc3,settings_change,success,192.168.1.12,Settings Change completed successfully
265,2025-12-18 05:41:04,user2,file_access,success,192.168.1.46,File Access completed successfully
457,2025-12-18 05:47:51,user2,file_access,success,192.168.1.14,File Access completed successfully
854,2025-12-18 06:00:02,jane_smith,password_change,success,192.168.1.42,Password Change completed successfully
195,2025-12-18 06:20:31,jane_smith,file_upload,success,192.168.1.20,File Upload completed successfully
358,2025-12-18 06:39:40,acc3,password_change,success,192.168.1.42,Password Change completed successfully
642,2025-12-18 06:39:54,admin,file_upload,success,192.168.1.6,File Upload completed successfully
312,2025-12-18 06:41:57,john_doe,password_change,success,192.168.1.28,Password Change completed successfully
661,2025-12-18 06:51:54,user2,settings_change,success,192.168.1.17,Settings Change completed successfully
274,2025-12-18 06:53:59,john_doe,file_upload,success,192.168.1.15,File Upload completed successfully
671,2025-12-18 06:55:28,john_doe,file_upload,success,192.168.1.22,File Upload completed successfully
468,2025-12-18 07:32:09,user1,file_upload,success,192.168.1.34,File Upload completed successfully
534,2025-12-18 07:55:55,admin,logout,success,192.168.1.19,Logout completed successfully
442,2025-12-18 07:56:23,acc3,settings_change,success,192.168.1.32,Settings Change completed successfully
416,2025-12-18 08:02:05,acc3,file_upload,success,192.168.1.43,File Upload completed successfully
899,2025-12-18 09:12:42,acc3,settings_change,failed,192.168.1.43,Settings Change failed - Invalid credentials
89,2025-12-18 09:20:27,acc1,password_change,failed,192.168.1.8,Password Change failed - Invalid credentials
297,2025-12-18 09:31:00,admin,login,success,192.168.1.17,Login completed successfully
488,2025-12-18 09:49:30,admin,file_access,success,192.168.1.19,File Access completed successfully
493,2025-12-18 09:59:16,acc1,file_access,success,192.168.1.42,File Access completed successfully
227,2025-12-18 10:24:28,admin,file_access,success,192.168.1.39,File Access completed successfully
836,2025-12-18 10:27:07,john_doe,file_access,success,192.168.1.20,File Access completed successfully
114,2025-12-18 10:33:33,user1,file_access,success,192.168.1.48,File Access completed successfully
230,2025-12-18 11:17:43,acc1,logout,success,192.168.1.49,Logout completed successfully
924,2025-12-18 11:53:54,john_doe,login,success,192.168.1.15,Login completed successfully
261,2025-12-18 12:34:25,acc3,password_change,success,192.168.1.41,Password Change completed successfully
518,2025-12-18 12:58:33,acc3,file_upload,success,192.168.1.12,File Upload completed successfully
685,2025-12-18 13:25:05,acc3,password_change,success,192.168.1.47,Password Change completed successfully
390,2025-12-18 13:40:02,john_doe,file_upload,success,192.168.1.6,File Upload completed successfully
710,2025-12-18 13:42:51,acc3,logout,success,192.168.1.4,Logout completed successfully
220,2025-12-18 13:45:34,acc2,password_change,success,192.168.1.18,Password Change completed successfully
753,2025-12-18 14:04:55,user1,password_change,success,192.168.1.44,Password Change completed successfully
844,2025-12-18 14:16:27,user1,file_upload,success,192.168.1.36,File Upload completed successfully
982,2025-12-18 14:29:20,acc3,password_change,success,192.168.1.38,Password Change completed successfully
369,2025-12-18 14:33:51,user1,file_access,success,192.168.1.15,File Access completed successfully
301,2025-12-18 14:34:04,john_doe,login,success,192.168.1.36,Login completed successfully
764,2025-12-18 15:05:57,john_doe,settings_change,success,192.168.1.41,Settings Change completed successfully
679,2025-12-18 15:15:22,admin,login,success,192.168.1.42,Login completed successfully
939,2025-12-18 15:22:19,acc1,password_change,success,192.168.1.33,Password Change completed successfully
48,2025-12-18 15:34:10,user2,login,success,192.168.1.31,Login completed successfully
540,2025-12-18 15:34:16,user1,file_access,success,192.168.1.11,File Access completed successfully
146,2025-12-18 15:35:08,user1,login,success,192.168.1.18,Login completed successfully
401,2025-12-18 16:17:55,user2,logout,success,192.168.1.13,Logout completed successfully
887,2025-12-18 16:41:40,acc2,settings_change,success,192.168.1.22,Settings Change completed successfully
100,2025-12-18 16:53:47,acc1,settings_change,success,192.168.1.17,Settings Change completed successfully
189,2025-12-18 16:57:29,acc3,settings_change,success,192.168.1.40,Settings Change completed successfully
763,2025-12-18 17:40:13,acc2,settings_change,success,192.168.1.47,Settings Change completed successfully
484,2025-12-18 17:44:12,user1,file_upload,success,192.168.1.29,File Upload completed successfully
549,2025-12-18 18:06:41,john_doe,file_upload,success,192.168.1.47,File Upload completed successfully
299,2025-12-18 18:10:24,user1,file_upload,success,192.168.1.12,File Upload completed successfully
652,2025-12-18 18:23:49,admin,settings_change,success,192.168.1.41,Settings Change completed successfully
891,2025-12-18 18:40:01,acc2,file_upload,success,192.168.1.3,File Upload completed successfully
30,2025-12-18 19:06:55,user2,logout,success,192.168.1.34,Logout completed successfully
718,2025-12-18 19:21:10,acc3,settings_change,success,192.168.1.10,Settings Change completed successfully
811,2025-12-18 19:22:59,jane_smith,settings_change,failed,192.168.1.41,Settings Change failed - Invalid credentials
421,2025-12-18 19:24:31,acc2,logout,success,192.168.1.45,Logout completed successfully
707,2025-12-18 19:32:44,acc1,logout,success,192.168.1.47,Logout completed successfully
940,2025-12-18 19:48:49,john_doe,file_access,success,192.168.1.15,File Access completed successfully
915,2025-12-18 19:58:34,john_doe,file_upload,success,192.168.1.47,File Upload completed successfully
997,2025-12-18 20:15:11,acc2,login,success,192.168.1.6,Login completed successfully
134,2025-12-18 20:39:28,admin,file_upload,success,192.168.1.22,File Upload completed successfully
882,2025-12-18 20:55:19,acc3,password_change,success,192.168.1.23,Password Change completed successfully
273,2025-12-18 20:57:15,acc1,file_access,success,192.168.1.20,File Access completed successfully
968,2025-12-18 21:03:55,acc2,settings_change,success,192.168.1.29,Settings Change completed successfully
530,2025-12-18 21:10:17,acc3,settings_change,success,192.168.1.24,Settings Change completed successfully
254,2025-12-18 21:21:23,acc2,file_upload,success,192.168.1.8,File Upload completed successfully
846,2025-12-18 21:29:35,acc2,password_change,success,192.168.1.16,Password Change completed successfully
778,2025-12-18 21:30:30,acc3,file_access,success,192.168.1.23,File Access completed successfully
907,2025-12-18 21:40:01,admin,file_upload,failed,192.168.1.13,File Upload failed - Invalid credentials
772,2025-12-18 21:47:10,admin,file_access,failed,192.168.1.12,File Access failed - Invalid credentials
424,2025-12-18 21:47:14,acc2,login,success,192.168.1.21,Login completed successfully
741,2025-12-18 21:48:34,user2,settings_change,success,192.168.1.11,Settings Change completed successfully
607,2025-12-18 22:08:37,user2,login,success,192.168.1.5,Login completed successfully
183,2025-12-18 22:24:01,acc1,logout,success,192.168.1.6,Logout completed successfully
281,2025-12-18 22:30:33,jane_smith,settings_change,success,192.168.1.46,Settings Change completed successfully
859,2025-12-18 22:41:29,user1,file_upload,success,192.168.1.35,File Upload completed successfully
350,2025-12-18 22:47:15,acc1,settings_change,success,192.168.1.47,Settings Change completed successfully
473,2025-12-18 22:50:04,john_doe,logout,success,192.168.1.17,Logout completed successfully
890,2025-12-18 22:58:05,acc3,password_change,success,192.168.1.46,Password Change completed successfully
755,2025-12-18 23:06:33,john_doe,file_upload,success,192.168.1.43,File Upload completed successfully
451,2025-12-18 23:10:27,acc2,login,failed,192.168.1.27,Login failed - Invalid credentials
479,2025-12-18 23:13:17,acc1,logout,success,192.168.1.17,Logout completed successfully
775,2025-12-18 23:15:00,admin,login,success,192.168.1.48,Login completed successfully
631,2025-12-18 23:19:53,john_doe,file_upload,success,192.168.1.44,File Upload completed successfully
219,2025-12-18 23:41:39,user2,file_access,success,192.168.1.38,File Access completed successfully
709,2025-12-19 00:15:38,acc2,settings_change,success,192.168.1.44,Settings Change completed successfully
266,2025-12-19 00:16:14,admin,password_change,success,192.168.1.10,Password Change completed successfully
430,2025-12-19 00:30:12,user1,password_change,success,192.168.1.9,Password Change completed successfully
936,2025-12-19 00:49:32,john_doe,settings_change,success,192.168.1.30,Settings Change completed successfully
18,2025-12-19 01:42:19,acc1,password_change,success,192.168.1.15,Password Change completed successfully
340,2025-12-19 01:51:55,john_doe,login,success,192.168.1.11,Login completed successfully
795,2025-12-19 02:58:05,user2,login,success,192.168.1.18,Login completed successfully
251,2025-12-19 03:42:15,jane_smith,file_upload,success,192.168.1.11,File Upload completed successfully
54,2025-12-19 03:43:14,jane_smith,password_change,success,192.168.1.48,Password Change completed successfully
870,2025-12-19 03:48:24,jane_smith,password_change,success,192.168.1.32,Password Change completed successfully
807,2025-12-19 03:50:02,user2,login,success,192.168.1.13,Login completed successfully
436,2025-12-19 03:50:57,acc3,file_access,success,192.168.1.18,File Access completed successfully
889,2025-12-19 04:01:55,acc1,password_change,success,192.168.1.12,Password Change completed successfully
944,2025-12-19 04:30:10,user1,login,success,192.168.1.19,Login completed successfully
502,2025-12-19 04:34:00,jane_smith,file_access,success,192.168.1.49,File Access completed successfully
126,2025-12-19 05:03:16,acc3,logout,success,192.168.1.38,Logout completed successfully
523,2025-12-19 05:30:14,acc3,logout,success,192.168.1.1,Logout completed successfully
976,2025-12-19 05:32:07,acc1,password_change,failed,192.168.1.4,Password Change failed - Invalid credentials
448,2025-12-19 05:34:19,user1,login,success,192.168.1.7,Login completed successfully
174,2025-12-19 05:43:07,user2,file_upload,success,192.168.1.2,File Upload completed successfully
767,2025-12-19 05:51:03,acc2,file_access,success,192.168.1.49,File Access completed successfully
147,2025-12-19 06:11:55,user2,login,success,192.168.1.48,Login completed successfully
400,2025-12-19 06:13:39,acc1,file_upload,success,192.168.1.12,File Upload completed successfully
818,2025-12-19 06:14:08,acc2,file_access,success,192.168.1.21,File Access completed successfully
152,2025-12-19 06:35:43,acc1,settings_change,success,192.168.1.16,Settings Change completed successfully
856,2025-12-19 06:58:26,acc1,file_upload,success,192.168.1.10,File Upload completed successfully
164,2025-12-19 06:59:23,john_doe,file_upload,success,192.168.1.28,File Upload completed successfully
115,2025-12-19 07:03:05,john_doe,settings_change,failed,192.168.1.34,Settings Change failed - Invalid credentials
191,2025-12-19 07:30:23,user1,login,success,192.168.1.17,Login completed successfully
683,2025-12-19 07:38:50,admin,logout,success,192.168.1.31,Logout completed successfully
371,2025-12-19 07:50:05,user2,login,success,192.168.1.14,Login completed successfully
170,2025-12-19 07:51:53,user1,settings_change,success,192.168.1.40,Settings Change completed successfully
545,2025-12-19 08:07:00,john_doe,file_upload,success,192.168.1.2,File Upload completed successfully
81,2025-12-19 08:37:34,acc2,file_access,success,192.168.1.10,File Access completed successfully
952,2025-12-19 08:39:25,jane_smith,file_upload,success,192.168.1.15,File Upload completed successfully
937,2025-12-19 08:48:38,acc1,settings_change,success,192.168.1.24,Settings Change completed successfully
912,2025-12-19 09:03:52,acc2,login,success,192.168.1.34,Login completed successfully
739,2025-12-19 09:10:55,acc2,settings_change,success,192.168.1.3,Settings Change completed successfully
52,2025-12-19 09:41:44,acc2,file_upload,success,192.168.1.2,File Upload completed successfully
217,2025-12-19 09:48:38,acc3,file_upload,success,192.168.1.38,File Upload completed successfully
496,2025-12-19 10:10:10,admin,file_access,failed,192.168.1.27,File Access failed - Invalid credentials
382,2025-12-19 10:31:01,user1,login,success,192.168.1.17,Login completed successfully
955,2025-12-19 10:36:16,acc1,file_upload,failed,192.168.1.3,File Upload failed - Invalid credentials
788,2025-12-19 10:45:54,user1,login,success,192.168.1.1,Login completed successfully
384,2025-12-19 10:49:20,acc1,file_access,success,192.168.1.21,File Access completed successfully
498,2025-12-19 11:15:04,user2,logout,failed,192.168.1.13,Logout failed - Invalid credentials
29,2025-12-19 11:42:41,acc2,login,success,192.168.1.15,Login completed successfully
278,2025-12-19 11:50:32,acc1,file_access,success,192.168.1.11,File Access completed successfully
222,2025-12-19 12:47:18,john_doe,password_change,success,192.168.1.1,Password Change completed successfully
55,2025-12-19 12:58:04,john_doe,password_change,success,192.168.1.37,Password Change completed successfully
449,2025-12-19 13:07:54,acc3,login,success,192.168.1.41,Login completed successfully
833,2025-12-19 13:18:47,acc1,file_upload,success,192.168.1.44,File Upload completed successfully
810,2025-12-19 13:34:31,acc1,password_change,success,192.168.1.42,Password Change completed successfully
88,2025-12-19 13:53:51,admin,settings_change,success,192.168.1.40,Settings Change completed successfully
533,2025-12-19 14:04:16,acc3,password_change,failed,192.168.1.4,Password Change failed - Invalid credentials
723,2025-12-19 14:29:36,user2,logout,success,192.168.1.20,Logout completed successfully
11,2025-12-19 14:32:35,acc3,password_change,success,192.168.1.12,Password Change completed successfully
868,2025-12-19 14:42:18,john_doe,settings_change,success,192.168.1.21,Settings Change completed successfully
931,2025-12-19 14:55:55,john_doe,file_access,success,192.168.1.40,File Access completed successfully
732,2025-12-19 14:55:57,acc3,file_upload,failed,192.168.1.40,File Upload failed - Invalid credentials
296,2025-12-19 15:06:43,acc1,file_access,success,192.168.1.1,File Access completed successfully
73,2025-12-19 15:07:30,acc1,password_change,success,192.168.1.35,Password Change completed successfully
3,2025-12-19 15:08:50,acc3,login,success,192.168.1.41,Login completed successfully
967,2025-12-19 15:21:10,jane_smith,logout,success,192.168.1.22,Logout completed successfully
311,2025-12-19 15:46:19,jane_smith,password_change,success,192.168.1.6,Password Change completed successfully
805,2025-12-19 16:06:50,john_doe,login,success,192.168.1.44,Login completed successfully
847,2025-12-19 16:39:21,john_doe,file_upload,success,192.168.1.43,File Upload completed successfully
156,2025-12-19 16:45:53,user2,settings_change,success,192.168.1.35,Settings Change completed successfully
310,2025-12-19 16:48:25,user2,password_change,success,192.168.1.31,Password Change completed successfully
621,2025-12-19 17:22:34,admin,settings_change,success,192.168.1.13,Settings Change completed successfully
750,2025-12-19 17:34:44,john_doe,logout,success,192.168.1.4,Logout completed successfully
454,2025-12-19 17:40:58,user2,file_access,success,192.168.1.29,File Access completed successfully
472,2025-12-19 17:41:37,admin,file_access,success,192.168.1.35,File Access completed successfully
346,2025-12-19 17:44:31,user2,file_upload,success,192.168.1.18,File Upload completed successfully
69,2025-12-19 17:45:11,admin,file_upload,failed,192.168.1.22,File Upload failed - Invalid credentials
943,2025-12-19 17:46:48,jane_smith,password_change,failed,192.168.1.5,Password Change failed - Invalid credentials
713,2025-12-19 17:54:05,acc1,login,failed,192.168.1.10,Login failed - Invalid credentials
460,2025-12-19 17:57:09,acc2,file_access,success,192.168.1.23,File Access completed successfully
313,2025-12-19 18:22:17,acc1,settings_change,success,192.168.1.26,Settings Change completed successfully
223,2025-12-19 18:24:26,acc3,password_change,success,192.168.1.11,Password Change completed successfully
284,2025-12-19 18:26:07,john_doe,password_change,success,192.168.1.35,Password Change completed successfully
865,2025-12-19 18:40:15,user1,file_upload,success,192.168.1.29,File Upload completed successfully
620,2025-12-19 19:16:15,user1,settings_change,failed,192.168.1.21,Settings Change failed - Invalid credentials
60,2025-12-19 19:24:26,acc1,password_change,success,192.168.1.24,Password Change completed successfully
998,2025-12-19 19:24:53,john_doe,login,failed,192.168.1.26,Login failed - Invalid credentials
800,2025-12-19 19:36:19,john_doe,logout,success,192.168.1.4,Logout completed successfully
562,2025-12-19 19:38:57,admin,login,success,192.168.1.11,Login completed successfully
300,2025-12-19 19:46:52,admin,settings_change,success,192.168.1.30,Settings Change completed successfully
832,2025-12-19 19:55:12,acc3,password_change,success,192.168.1.11,Password Change completed successfully
841,2025-12-19 20:15:33,acc3,settings_change,failed,192.168.1.7,Settings Change failed - Invalid credentials
896,2025-12-19 20:30:57,user2,settings_change,success,192.168.1.10,Settings Change completed successfully
80,2025-12-19 20:50:30,acc2,file_access,success,192.168.1.45,File Access completed successfully
975,2025-12-19 20:55:03,user1,login,success,192.168.1.48,Login completed successfully
738,2025-12-19 20:55:49,acc3,file_upload,failed,192.168.1.23,File Upload failed - Invalid credentials
919,2025-12-19 21:10:14,acc3,logout,success,192.168.1.48,Logout completed successfully
869,2025-12-19 21:11:21,admin,login,failed,192.168.1.9,Login failed - Invalid credentials
538,2025-12-19 21:37:01,acc1,password_change,success,192.168.1.4,Password Change completed successfully
71,2025-12-19 21:42:55,acc3,file_upload,success,192.168.1.19,File Upload completed successfully
482,2025-12-19 21:45:08,john_doe,file_upload,success,192.168.1.30,File Upload completed successfully
974,2025-12-19 21:46:44,acc3,logout,success,192.168.1.44,Logout completed successfully
719,2025-12-19 21:52:04,john_doe,file_upload,success,192.168.1.15,File Upload completed successfully
556,2025-12-19 21:57:02,jane_smith,file_access,success,192.168.1.38,File Access completed successfully
351,2025-12-19 22:13:35,john_doe,file_access,success,192.168.1.20,File Access completed successfully
958,2025-12-19 22:43:00,acc2,password_change,success,192.168.1.12,Password Change completed successfully
98,2025-12-19 22:51:45,user1,settings_change,success,192.168.1.48,Settings Change completed successfully
950,2025-12-19 22:59:24,acc2,login,success,192.168.1.48,Login completed successfully
644,2025-12-19 23:12:55,john_doe,logout,success,192.168.1.9,Logout completed successfully
180,2025-12-19 23:48:08,admin,settings_change,success,192.168.1.15,Settings Change completed successfully
150,2025-12-19 23:50:51,acc2,file_access,success,192.168.1.6,File Access completed successfully
536,2025-12-20 00:06:10,acc3,file_upload,success,192.168.1.33,File Upload completed successfully
49,2025-12-20 00:18:09,acc2,password_change,success,192.168.1.33,Password Change completed successfully
717,2025-12-20 00:19:01,acc3,login,success,192.168.1.38,Login completed successfully
793,2025-12-20 00:21:47,user2,file_access,success,192.168.1.4,File Access completed successfully
253,2025-12-20 00:27:53,john_doe,password_change,success,192.168.1.29,Password Change completed successfully
794,2025-12-20 00:30:24,jane_smith,settings_change,success,192.168.1.6,Settings Change completed successfully
514,2025-12-20 00:38:00,admin,file_upload,success,192.168.1.5,File Upload completed successfully
447,2025-12-20 00:42:14,user1,logout,success,192.168.1.8,Logout completed successfully
90,2025-12-20 00:46:21,admin,password_change,success,192.168.1.47,Password Change completed successfully
696,2025-12-20 01:00:30,john_doe,logout,success,192.168.1.15,Logout completed successfully
608,2025-12-20 01:17:15,acc3,file_access,failed,192.168.1.27,File Access failed - Invalid credentials
45,2025-12-20 01:22:28,user1,settings_change,failed,192.168.1.42,Settings Change failed - Invalid credentials
32,2025-12-20 01:29:25,acc2,logout,success,192.168.1.25,Logout completed successfully
765,2025-12-20 01:33:25,user2,file_access,success,192.168.1.30,File Access completed successfully
561,2025-12-20 01:38:55,acc1,settings_change,success,192.168.1.45,Settings Change completed successfully
208,2025-12-20 01:50:22,acc2,settings_change,success,192.168.1.28,Settings Change completed successfully
749,2025-12-20 02:03:08,user2,file_upload,success,192.168.1.9,File Upload completed successfully
74,2025-12-20 02:13:55,acc1,logout,success,192.168.1.6,Logout completed successfully
335,2025-12-20 02:15:31,acc2,settings_change,success,192.168.1.27,Settings Change completed successfully
583,2025-12-20 02:31:39,admin,logout,success,192.168.1.19,Logout completed successfully
122,2025-12-20 02:39:40,john_doe,logout,success,192.168.1.20,Logout completed successfully
987,2025-12-20 02:40:12,admin,settings_change,success,192.168.1.16,Settings Change completed successfully
483,2025-12-20 03:15:03,jane_smith,file_upload,failed,192.168.1.38,File Upload failed - Invalid credentials
687,2025-12-20 03:26:32,acc3,settings_change,success,192.168.1.31,Settings Change completed successfully
864,2025-12-20 03:31:12,user1,logout,success,192.168.1.26,Logout completed successfully
444,2025-12-20 03:33:51,admin,file_upload,success,192.168.1.41,File Upload completed successfully
576,2025-12-20 04:00:44,jane_smith,login,failed,192.168.1.23,Login failed - Invalid credentials
824,2025-12-20 04:11:25,acc3,file_access,success,192.168.1.46,File Access completed successfully
43,2025-12-20 04:37:38,acc1,file_upload,success,192.168.1.25,File Upload completed successfully
909,2025-12-20 04:44:44,john_doe,file_upload,failed,192.168.1.19,File Upload failed - Invalid credentials
584,2025-12-20 05:12:11,acc1,logout,success,192.168.1.46,Logout completed successfully
353,2025-12-20 05:13:05,acc3,logout,success,192.168.1.40,Logout completed successfully
567,2025-12-20 05:44:57,acc3,logout,success,192.168.1.19,Logout completed successfully
929,2025-12-20 06:11:34,acc1,settings_change,success,192.168.1.28,Settings Change completed successfully
499,2025-12-20 06:28:47,acc2,settings_change,success,192.168.1.39,Settings Change completed successfully
406,2025-12-20 06:52:20,jane_smith,settings_change,success,192.168.1.11,Settings Change completed successfully
988,2025-12-20 06:53:00,john_doe,logout,success,192.168.1.29,Logout completed successfully
796,2025-12-20 06:54:10,acc1,logout,success,192.168.1.24,Logout completed successfully
647,2025-12-20 07:05:40,acc1,settings_change,success,192.168.1.6,Settings Change completed successfully
256,2025-12-20 07:16:31,acc1,settings_change,success,192.168.1.44,Settings Change completed successfully
4,2025-12-20 07:29:39,john_doe,password_change,success,192.168.1.31,Password Change completed successfully
1000,2025-12-20 08:03:00,admin,settings_change,success,192.168.1.41,Settings Change completed successfully
831,2025-12-20 08:06:23,acc2,logout,success,192.168.1.14,Logout completed successfully
111,2025-12-20 08:31:02,john_doe,logout,success,192.168.1.4,Logout completed successfully
645,2025-12-20 08:37:06,acc1,password_change,success,192.168.1.16,Password Change completed successfully
827,2025-12-20 08:44:50,user1,settings_change,success,192.168.1.49,Settings Change completed successfully
969,2025-12-20 08:45:05,user1,logout,success,192.168.1.13,Logout completed successfully
779,2025-12-20 09:00:23,acc1,logout,success,192.168.1.16,Logout completed successfully
67,2025-12-20 09:08:22,john_doe,logout,success,192.168.1.34,Logout completed successfully
240,2025-12-20 09:09:04,user2,password_change,success,192.168.1.7,Password Change completed successfully
776,2025-12-20 09:38:51,acc3,password_change,success,192.168.1.35,Password Change completed successfully
418,2025-12-20 09:50:37,admin,logout,success,192.168.1.17,Logout completed successfully
904,2025-12-20 10:03:08,admin,login,success,192.168.1.47,Login completed successfully
12,2025-12-20 10:03:26,jane_smith,password_change,success,192.168.1.40,Password Change completed successfully
660,2025-12-20 10:09:38,jane_smith,password_change,success,192.168.1.19,Password Change completed successfully
341,2025-12-20 10:19:01,jane_smith,login,success,192.168.1.49,Login completed successfully
901,2025-12-20 10:38:56,admin,file_upload,success,192.168.1.14,File Upload completed successfully
109,2025-12-20 10:49:43,acc2,logout,failed,192.168.1.33,Logout failed - Invalid credentials
262,2025-12-20 10:55:24,acc1,password_change,success,192.168.1.21,Password Change completed successfully
630,2025-12-20 10:57:26,john_doe,file_upload,failed,192.168.1.21,File Upload failed - Invalid credentials
385,2025-12-20 11:04:00,user1,file_access,success,192.168.1.32,File Access completed successfully
338,2025-12-20 11:10:50,acc1,settings_change,success,192.168.1.15,Settings Change completed successfully
99,2025-12-20 11:14:59,user2,settings_change,success,192.168.1.42,Settings Change completed successfully
917,2025-12-20 11:34:28,user1,settings_change,success,192.168.1.40,Settings Change completed successfully
872,2025-12-20 11:36:37,admin,password_change,success,192.168.1.19,Password Change completed successfully
288,2025-12-20 12:08:14,acc3,file_access,success,192.168.1.35,File Access completed successfully
242,2025-12-20 12:11:40,admin,settings_change,success,192.168.1.48,Settings Change completed successfully
886,2025-12-20 12:20:05,admin,logout,success,192.168.1.43,Logout completed successfully
816,2025-12-20 12:41:31,admin,login,success,192.168.1.30,Login completed successfully
214,2025-12-20 12:42:10,acc3,password_change,success,192.168.1.24,Password Change completed successfully
600,2025-12-20 12:44:28,user1,login,success,192.168.1.40,Login completed successfully
894,2025-12-20 12:48:33,user2,password_change,failed,192.168.1.44,Password Change failed - Invalid credentials
916,2025-12-20 12:51:36,admin,file_access,success,192.168.1.48,File Access completed successfully
141,2025-12-20 12:54:02,acc2,logout,success,192.168.1.38,Logout completed successfully
145,2025-12-20 13:03:43,john_doe,settings_change,success,192.168.1.15,Settings Change completed successfully
187,2025-12-20 13:14:31,john_doe,password_change,success,192.168.1.43,Password Change completed successfully
677,2025-12-20 13:14:37,admin,file_access,success,192.168.1.26,File Access completed successfully
165,2025-12-20 13:43:58,user1,settings_change,success,192.168.1.21,Settings Change completed successfully
590,2025-12-20 14:01:07,admin,file_access,failed,192.168.1.2,File Access failed - Invalid credentials
787,2025-12-20 14:04:13,acc2,logout,success,192.168.1.40,Logout completed successfully
843,2025-12-20 14:13:53,acc2,login,failed,192.168.1.13,Login failed - Invalid credentials
512,2025-12-20 14:19:37,admin,password_change,success,192.168.1.12,Password Change completed successfully
117,2025-12-20 14:20:12,acc1,file_upload,success,192.168.1.3,File Upload completed successfully
201,2025-12-20 14:32:37,jane_smith,file_upload,failed,192.168.1.11,File Upload failed - Invalid credentials
761,2025-12-20 14:40:28,jane_smith,login,success,192.168.1.22,Login completed successfully
867,2025-12-20 14:47:56,acc3,file_upload,success,192.168.1.11,File Upload completed successfully
235,2025-12-20 14:51:41,acc1,logout,success,192.168.1.18,Logout completed successfully
267,2025-12-20 14:52:30,acc2,password_change,success,192.168.1.34,Password Change completed successfully
13,2025-12-20 15:00:41,john_doe,file_upload,success,192.168.1.35,File Upload completed successfully
808,2025-12-20 15:11:47,john_doe,file_access,success,192.168.1.30,File Access completed successfully
108,2025-12-20 15:15:41,acc2,settings_change,success,192.168.1.38,Settings Change completed successfully
649,2025-12-20 15:16:06,user1,login,success,192.168.1.3,Login completed successfully
736,2025-12-20 15:29:44,john_doe,password_change,success,192.168.1.5,Password Change completed successfully
862,2025-12-20 16:30:28,admin,password_change,success,192.168.1.46,Password Change completed successfully
389,2025-12-20 16:33:29,jane_smith,settings_change,success,192.168.1.38,Settings Change completed successfully
873,2025-12-20 16:48:11,admin,password_change,failed,192.168.1.42,Password Change failed - Invalid credentials
360,2025-12-20 17:01:50,user1,file_upload,success,192.168.1.1,File Upload completed successfully
959,2025-12-20 17:02:42,user2,file_upload,failed,192.168.1.49,File Upload failed - Invalid credentials
323,2025-12-20 17:08:52,admin,login,success,192.168.1.20,Login completed successfully
785,2025-12-20 17:27:28,acc1,settings_change,failed,192.168.1.48,Settings Change failed - Invalid credentials
